roadA,roadB
394,399
394,532
510,532
522,525
527,525
368,522
527,529
483,522
399,532
361,338
361,612
523,522
527,523
523,526
394,338
338,532
338,612
483,525
527,521
522,521
527,524
526,524
527,528
532,515
527,522
483,523
411,625
483,521
411,510
441,705
532,702
515,438
411,702
625,702
625,510
705,532
445,441
411,705
384,510
431,532
535,705
445,719
376,383
719,444
710,532
719,716
709,705
535,423
434,532
535,431
719,391
714,710
384,617
709,423
535,710
577,391
711,423
705,423
711,705
431,709
434,714
714,532
535,428
710,709
719,532
431,711
631,568
384,383
383,568
384,568
434,535
510,568
710,711
428,709
716,532
706,705
629,568
629,383
535,719
706,710
715,532
428,711
423,568
715,716
715,535
706,428
706,568
568,391
619,383
711,391
532,391
706,391
619,568
572,391
383,567
568,567
518,391
384,391
384,629
629,391
398,383
383,400
617,383
376,617
376,398
617,398
710,705
710,391
631,391
389,391
389,705
705,391
532,634
401,398
401,400
401,567
608,607
376,624
401,619
624,398
384,572
624,400
624,567
624,619
572,633
624,628
377,556
384,388
384,624
388,624
615,376
411,634
556,338
397,391
4189,577
4189,391
411,703
530,619
530,628
389,533
620,510
620,625
530,384
532,635
410,619
410,628
535,703
410,384
702,703
377,361
570,628
376,390
570,384
625,634
570,388
411,635
441,440
388,566
448,391
421,391
448,421
421,538
510,618
617,620
388,633
617,627
617,406
532,433
383,627
617,622
383,406
441,439
617,623
383,622
629,622
412,702
617,621
383,623
408,388
383,621
621,567
621,568
649,421
338,607
532,439
384,415
710,439
415,572
719,576
532,435
434,435
421,652
576,716
572,413
719,442
581,421
388,389
518,713
442,716
398,402
707,423
361,556
510,632
568,632
421,648
568,381
619,402
706,707
618,634
391,513
391,381
572,381
391,632
391,430
391,4188
391,717
391,718
579,652
649,452
579,452
518,404
448,641
615,565
440,439
620,406
459,584
649,647
421,647
405,619
649,580
533,425
633,418
572,418
458,459
628,405
389,425
361,360
448,640
452,580
655,580
655,452
376,565
655,652
655,454
540,655
655,584
458,655
615,395
376,395
422,533
518,448
556,4186
388,404
533,513
652,580
389,422
454,580
418,533
518,573
388,569
647,652
540,580
439,435
518,537
518,640
581,647
540,656
408,390
633,382
605,347
659,454
656,454
656,659
388,571
571,566
518,536
647,648
571,633
540,650
456,652
388,407
650,459
650,584
417,533
458,650
352,338
650,648
4186,390
633,417
456,454
540,456
713,4188
4188,432
655,456
518,637
430,432
573,4189
584,456
717,718
380,395
338,345
338,348
338,347
418,382
556,390
388,419
389,424
573,536
452,4191
417,422
388,429
4191,652
4191,580
536,537
447,414
386,416
386,414
386,404
414,404
605,338
605,344
338,520
338,604
454,582
414,731
404,731
386,731
540,582
454,541
540,541
338,344
556,414
448,638
638,640
556,4190
543,542
543,511
543,355
2270,2092
2087,2089
2270,2089
362,355
548,362
357,355
364,548
4194,355
2087,2069
2270,2069
2270,2087
364,355
543,356
2270,2094
357,511
355,356
355,363
340,355
4182,2331
362,356
4182,2087
2069,2093
340,363
4194,548
4182,2069
355,511
355,539
4182,2093
2331,2311
364,356
4182,2311
2316,2079
2316,2069
2087,2311
2069,2079
340,370
2316,2093
2316,2323
2087,2316
2087,2323
340,356
340,626
4194,643
552,626
546,355
355,609
2085,2087
365,358
365,355
355,358
2083,2087
2083,2315
2083,2317
552,340
2083,2189
4194,511
658,663
365,4194
378,663
349,351
2083,2093
614,626
339,349
339,351
534,353
340,379
722,616
340,663
372,728
371,728
4194,728
339,534
658,728
340,630
626,636
636,409
614,630
636,616
722,636
340,378
636,630
728,511
385,630
728,369
614,728
340,385
367,728
339,353
339,609
352,339
512,4187
340,728
385,378
393,340
722,409
673,340
626,426
626,630
426,630
639,630
346,349
369,511
361,355
673,511
673,4192
427,4192
361,339
339,355
339,367
339,610
352,531
4192,340
427,340
339,642
361,642
361,610
4192,511
373,339
512,4192
339,374
340,443
340,511
352,544
377,480
377,339
512,404
519,520
340,404
575,404
4192,4187
4192,339
4187,375
443,511
339,4187
375,4186
338,350
404,644
404,437
436,404
563,404
563,436
556,375
563,450
4187,404
563,4187
403,4187
386,556
556,403
4187,436
4187,574
556,339
4187,450
396,4190
4187,392
556,404
447,556
556,396
2035,2275
2286,2295
2286,2296
2296,2291
2286,2034
2286,2291
2034,2291
2286,2008
2008,2290
2275,2036
2286,2290
2290,2036
2035,2036
603,338
2652,3088
2610,2652
2047,2270
2047,2093
2043,2270
2270,2093
3031,3013
3031,3228
3228,3189
2961,3228
2732,2599
3013,2389
2961,3014
3025,3233
3086,3189
3086,2772
3086,3078
3043,3233
3228,2996
2961,3009
2901,2772
3013,3009
2961,3013
3031,2652
3031,2997
3078,2772
3031,2732
3025,3014
2652,2732
2997,2732
3047,2772
2961,2715
3001,2708
2961,2905
3025,2996
2997,2652
2961,2978
2784,2772
3080,4210
3001,2715
2779,4210
3228,3025
3228,3009
3025,3009
2990,3009
2990,3025
2990,3228
2978,3001
2708,2990
3001,2905
3083,4210
2785,2901
2772,2367
4210,2783
2543,3228
2990,2715
2543,2708
2785,3080
2978,2990
2961,2879
2905,2990
2876,3228
2785,2779
2980,2996
2980,2986
2876,2708
3086,2901
2543,2715
2980,3228
2785,3083
2976,3014
2978,2543
2976,2986
2879,2990
2976,2996
2543,2905
2708,2979
2976,2971
2879,2652
2961,2652
2876,2715
2976,2708
2976,2710
2976,3228
2978,2876
2779,3054
2876,2905
2715,2979
2980,2971
2986,2971
2785,2787
2976,2715
2978,2979
3083,3054
3060,3233
2905,2979
2978,2976
3228,2710
2971,2996
2783,3054
2976,2905
2579,2996
2579,2971
2531,2976
2978,2967
3228,2862
2787,3054
2978,2685
3086,2583
2559,3233
2976,2879
2712,2971
2531,2967
2964,2710
2579,2981
2579,2965
2965,2981
2519,2862
2978,3228
2859,2710
2905,3228
3230,3054
3031,3233
2531,2685
2519,2964
2522,3228
3230,2542
2519,2905
2964,2862
2879,2685
3056,3128
2879,2532
2971,2710
2965,2710
2519,2859
2532,2910
2905,2964
2627,3078
2712,2710
2859,2905
2611,2628
2965,2971
2519,2955
3056,2591
2978,2955
2955,2859
2955,2522
2955,2862
2627,2583
2955,3228
2531,2955
2628,2652
2579,2542
2591,2611
2955,2879
2955,2905
2784,2623
2965,2712
2957,2862
2957,2456
2957,2978
2978,2456
2957,2519
2955,2910
2971,2542
2957,2522
3086,2558
2627,2400
2627,2558
2558,2400
2957,3228
2886,2971
2957,2971
3056,2611
2957,2886
2598,2624
2624,2558
2965,2905
2957,2879
2519,2514
2957,3225
2535,2514
2598,2623
2514,2862
2976,2367
2957,2905
2712,2905
2579,2957
2456,2514
2522,2514
3228,3225
2771,3233
3086,2624
2905,2513
2514,3225
2519,2513
2879,2680
2535,2513
2680,2918
2886,2905
2513,2862
2456,3225
2623,2367
2519,2886
3225,2862
2886,3225
2886,2862
2700,3225
2700,2862
2918,2904
3228,2904
2879,3228
3228,3179
2879,3179
3179,2904
2879,2904
2957,2574
2082,2073
3078,3229
2771,3078
2640,2784
2643,2784
2080,2073
2640,2643
3077,2623
2611,3077
2400,3229
2957,2700
3082,2611
2773,2611
2771,3229
2611,2623
2773,2623
3225,2855
3066,2611
2700,2832
2832,3225
2080,2078
2700,2855
3078,3057
2492,2832
3071,3078
2618,3057
2611,3075
3089,2611
2076,2077
2611,2621
2073,2077
3078,3233
3057,3233
3175,2484
2617,3057
3175,2368
3233,3229
2624,3229
3076,3057
2076,2078
2077,2078
3082,2621
3057,2559
2051,2076
2076,2091
2598,2400
2624,2400
2611,3128
2761,2617
2618,3081
2598,2649
2598,2771
2761,3076
2617,3081
2621,3128
3066,2610
2090,2342
2090,2072
2342,2072
3081,3057
3082,3128
2771,2649
2618,2617
3076,3081
2492,2483
2598,3071
2483,2856
2342,2073
2598,2632
3189,3229
2070,2073
2574,2946
3067,4213
2483,2832
2598,3233
2492,2486
2638,2598
2483,2427
2483,2855
2856,2486
2073,2088
2861,2957
2072,2088
2832,2486
2773,4213
3149,2862
3089,3128
2090,2073
2471,2856
2559,3229
3113,3189
2051,2088
2640,4213
2471,2832
2628,2623
2598,2628
2643,4213
2495,3011
2528,3011
2773,2628
2157,2070
2555,2943
2088,2093
2773,2634
2598,3088
4213,2367
2530,2872
2872,3116
2270,2075
2872,2678
2872,2675
2070,2051
2861,3011
2872,2674
4177,2066
2157,2066
2157,4177
2511,2872
2946,3011
3089,3088
2270,2073
2528,3232
2872,2831
2861,3232
2510,2678
2675,2510
2674,2510
2943,2506
2874,2533
2067,2088
2530,2874
2511,2510
2874,3116
2598,3128
2946,3232
2874,2678
2831,2510
2675,2874
2674,2874
2511,3011
2511,2874
2953,2963
2874,2831
2929,2508
2929,2506
2506,2508
2832,2427
2373,2874
2373,2833
2643,2654
2963,3011
2545,3011
2505,2508
2070,2067
2563,2564
2740,2563
2828,2845
2861,2874
2640,2654
2845,2665
3113,2653
2953,3011
3220,2853
2930,2874
3220,2959
2740,2564
2831,2845
2842,2533
2530,2842
2842,2534
2555,2386
2496,2831
2975,3011
2845,2672
2874,3011
3220,2958
2842,3116
2842,2678
2464,2831
2830,2464
2740,3033
2563,3033
3033,2564
2874,2833
2468,2845
2464,2672
2545,2874
2577,2580
2675,2842
2703,2533
2270,2088
2840,2703
2580,3034
4209,3034
4209,2580
2468,2464
2674,2842
2943,3011
2943,3032
2842,2672
2564,2382
2502,2703
2958,2705
2511,2842
2468,2481
2975,3232
2833,2832
2842,2831
2373,3232
2852,2833
2927,4208
2953,2874
2386,2508
2533,2865
2927,2705
2502,2912
2929,3032
2833,2845
2828,2833
2845,2843
2865,2534
2713,3011
2912,2703
2527,2534
2533,2845
2687,2533
2840,2845
2491,2845
2842,2845
2687,2845
2713,2853
2713,3220
2496,2852
2966,2927
2376,2874
2698,3220
2545,2934
2737,2736
2502,2845
2699,2687
2882,3011
2505,3032
2507,2703
2930,2934
2496,2670
3006,3011
2943,3232
2713,2959
2698,2927
2507,2845
2382,2386
2953,2853
3037,2935
2713,2874
2882,3232
2386,3229
3032,3011
2861,2865
3220,2864
2713,2958
2692,2935
2545,2865
2943,2874
2943,2994
2899,2533
2899,2703
2845,2487
2953,2865
3037,2917
2930,2865
2740,3032
2865,2845
2043,2093
2927,2864
2545,2936
2670,2491
3037,2845
2890,2533
2713,2927
3012,2994
2882,3220
2943,2503
2882,2947
2481,2440
2892,2533
2376,2865
2884,2845
2842,2670
2382,3023
2527,2865
2930,2936
2887,2845
2572,2568
2882,2874
2500,2503
2882,2927
2481,2865
3186,2845
2832,3232
2505,2994
2861,2936
2499,2994
2504,2912
2943,2498
2722,2966
3224,2503
3019,2568
2382,2737
2722,2960
2376,2973
2545,2866
3006,2874
2713,2865
2943,2865
2943,2941
2500,2498
2861,2507
2497,2994
2687,2515
2698,2722
2699,2880
3012,2498
2505,2503
2853,2541
2930,2866
2504,2845
2943,2883
3186,2899
2499,2503
3224,2498
2382,3032
2699,2693
2386,3232
2943,2556
2713,2973
2501,2845
2994,2874
2887,2890
2699,2501
2938,3026
2938,2568
3186,2890
2493,2693
2505,2498
2908,2845
2493,2501
2699,2908
2499,2498
3186,2892
2882,2865
2545,2692
2861,3037
2994,2736
2994,2572
2943,2548
2943,2973
2475,2672
2703,2541
2556,2889
3130,2770
2943,2553
2994,2575
2382,2568
2515,2865
2930,2692
2992,2883
2994,3019
2468,2475
2861,2920
2943,2561
2882,2973
2729,2941
2382,2729
2498,2737
4208,2857
2953,2541
2943,2878
2941,2865
2882,2868
2545,2541
2729,2556
2553,2889
2973,2868
2499,2561
2930,2541
2966,2857
2382,2994
2935,2857
3037,2857
2556,2982
2861,2541
2729,2553
2698,2857
2497,2561
2995,3004
2382,2503
2878,2889
2552,2556
2489,2865
2722,2695
2489,2487
2475,2487
2705,2695
2941,2938
2561,2568
2729,2878
2966,2695
2871,2883
2553,2982
2382,2498
2713,2857
2882,2857
2698,2695
2382,2941
2985,2883
2953,2857
2552,2553
2943,2695
2878,2982
2545,2857
2992,2977
2705,2954
2896,2553
2552,2878
2989,2889
2713,2695
2966,2954
2871,2881
2960,2954
2382,2561
2995,2952
2698,2954
2475,2489
2878,2695
3232,3229
2545,2695
2930,2954
2930,2695
2871,2977
2953,2695
2985,2977
3032,3229
2896,2989
2695,2954
4178,2046
2046,2293
2046,2300
387,599
599,341
342,599
387,600
600,341
342,338
2365,2270
2083,2044
2270,2044
2270,2083
2071,2044
2365,2083
2044,2042
2061,2042
2294,2061
2294,2284
2284,2061
2284,2042
2292,2042
2039,2069
2046,2071
2071,2069
2046,2069
2271,4178
2017,1953
2004,2017
2020,2300
2004,2300
2057,2283
2283,2282
2044,4179
2282,2280
2292,2044
2044,2280
2292,2084
2294,2292
2023,2044
2044,2028
2042,2288
2284,2081
2081,2042
2042,2028
2081,2069
2069,2288
2069,2028
2209,2208
2271,2258
2271,1973
2271,1993
2271,2256
2271,1957
2271,1950
2271,2031
1950,2213
1992,2250
2213,2244
1988,2250
1988,1992
2213,2250
1988,1981
1992,1981
1981,2262
2265,1981
2213,1981
1988,2213
1981,2275
2018,2300
1970,1981
1994,2275
1994,2265
1977,1970
1994,1992
1994,2262
1983,2300
1994,2213
1994,1970
1999,2262
1992,1999
1999,2265
1999,2213
1999,2275
2018,1948
1998,2213
1998,2262
1972,2036
2213,1972
2213,2036
1998,2348
2262,2036
2018,1880
2363,2036
2003,2036
2348,2036
2363,1944
2018,2069
1880,2069
2018,2026
2261,2018
2018,2023
2018,1991
2347,1991
2018,2347
2044,2274
2018,1989
2018,1855
2044,1997
2268,1997
2044,2198
1855,2345
1997,1995
2018,1997
2133,1924
2018,2133
2018,1924
2018,2237
2018,1849
2018,1864
2108,2105
2110,1846
4171,1846
2209,1846
2111,1846
1846,1953
1242,1292
1242,1197
1242,1327
1197,1292
1902,2210
1242,1262
1328,1227
2271,1939
1328,1263
2210,1870
1328,1197
1243,1242
2271,2115
1227,1197
1328,1243
1328,1246
2210,2271
1262,1246
1939,1918
2115,1934
1909,1918
2366,1918
1928,2036
1756,1909
1249,1265
1756,1918
1249,1247
1249,1184
1184,1247
1933,1918
1846,1755
2271,2036
1265,1184
1941,1946
1928,1941
1928,1939
1928,1933
1756,2036
1803,1839
1941,2115
1928,2115
2181,1803
1247,1263
1774,1776
1933,2027
1242,1247
2101,1776
2101,1791
1248,1247
1283,1154
1242,1154
1776,4169
2101,2173
1237,1241
1283,1241
1237,1283
1933,1946
1237,1238
1946,2027
1776,1755
4169,1755
2102,2101
1803,4169
1950,1970
1837,2300
1950,1972
4169,2300
1245,1282
1244,1282
2101,1775
2182,2300
2102,1775
1241,1282
1241,1244
1158,1282
1970,2244
1238,1282
1950,2036
1972,2244
2102,1778
1357,1293
2162,2101
1785,2101
1936,2036
1778,1775
1793,2101
1158,1245
2164,2101
1972,2250
1248,1293
1963,2250
1358,1357
2250,2036
1122,1200
1785,2162
1779,2101
1972,1963
1936,1950
1122,1325
1122,1100
2161,2101
2164,2162
2164,1778
1981,1972
1981,1963
1981,2036
1132,1293
1266,1293
1325,1100
1778,1779
1936,1944
1985,1977
1977,1972
1778,2161
1359,1357
1253,1293
1180,1293
1985,1994
1122,1045
1978,1944
1994,1972
1358,1359
1994,1963
1994,2036
1936,1894
1045,1123
2038,2036
2038,1994
2038,1944
1850,1880
1944,2213
1880,1883
2038,1978
1821,1864
1863,1864
1850,1864
1863,1821
1978,2363
1821,1755
1201,1290
1201,1144
4164,1201
1291,1144
4180,2023
4176,2355
2364,2355
4180,2018
2264,4176
2264,2355
2365,2018
2018,2366
2366,2355
2365,2366
2365,2269
2119,2249
2119,1943
2119,1935
2119,2232
4176,2366
2119,2116
2227,2116
1935,2116
1929,2116
2232,2116
2116,2249
1913,1921
1976,1966
1875,2220
1976,1969
1976,1974
1913,1931
1913,2010
1916,1921
1903,2227
1969,1966
1962,1965
1855,1875
1875,2231
1875,1927
1855,2231
2231,1927
1855,1927
1903,1921
1962,1971
1969,1962
1962,1966
1962,1960
1960,1966
1974,1962
2337,2227
1875,2116
2337,2220
1965,1960
1965,1971
2337,2112
1974,1965
1903,2010
1964,1960
1964,1971
1974,1964
1855,1952
1875,2227
1855,1968
1875,2112
1855,1910
1855,2116
1855,2220
1855,2227
2270,2355
2343,1997
2335,1997
2329,1997
2343,1883
2343,1924
1924,1883
2335,2104
1850,1868
1868,2201
1868,1883
2335,1868
2005,1850
4170,1820
1826,1820
1826,4170
1938,1883
1850,1849
2333,1863
1863,1849
2335,1841
1841,1868
1849,2201
2333,2335
1849,1883
2335,1849
1938,1849
1938,1864
1864,1883
1864,2201
1821,2335
2335,1755
1232,1228
1328,1218
1328,1228
1328,1215
1312,1218
1215,1218
1328,1267
1267,1318
1157,1218
1312,1307
1228,1267
1267,1118
1215,1307
1199,1267
1307,1157
1086,1307
1208,1207
1208,1086
1086,1207
1267,1112
1277,1112
1312,1267
1147,1307
1189,1175
1189,1240
1070,1267
1117,1112
1208,1139
1307,1267
1112,1154
1328,1307
1147,1157
1207,1131
1328,1207
1328,1131
1125,1131
1215,1165
1175,1176
1117,1070
1111,1131
1208,1131
1157,1165
1165,1267
1117,1080
1328,1196
1240,1176
1075,1154
1117,1154
1070,1130
1125,1196
1240,1112
1267,1080
1328,1109
1111,1196
1213,1130
1098,1267
1240,1075
1267,1087
1153,1140
1111,1192
1140,1176
1046,1032
1046,1062
1328,1046
1081,1046
1328,1081
1125,1081
1130,1216
1299,1155
1299,1267
1267,1154
1111,1081
1122,1299
1216,1087
1301,1267
1320,1112
1328,1298
1210,1112
4165,1075
1221,1087
1216,1154
1299,1045
1125,1298
1122,1267
1221,1154
1299,1032
1355,1267
1160,1112
1299,1062
4165,1320
1250,1216
1142,1203
1205,1152
1209,1205
1209,1152
1328,1299
1210,1160
1355,1363
1363,1267
4165,1355
1142,1209
1250,1363
1363,1216
1132,1126
1132,1112
1221,1363
1202,1203
1320,1354
1142,1152
1142,1205
1127,1142
1283,1226
1150,1205
1226,1154
1205,1202
4165,1174
1127,1202
1156,1152
1142,1156
4165,1267
1036,1268
1160,1164
1174,1160
1328,1045
1272,1076
1064,1268
1126,1128
1056,1036
1206,1203
1340,1272
1174,1267
1156,1150
1177,1222
1126,1112
1206,1205
1181,1268
1127,1206
1158,1267
1035,1268
1354,1160
1072,1268
1181,1104
1177,1223
1267,1268
1104,1268
1172,1104
1174,1164
1056,1064
1107,1268
1230,997
1056,4159
4159,1104
1056,1104
1222,1158
1206,1156
1845,1776
1354,1174
1168,1164
1181,4159
1237,997
1174,1169
1172,1107
1174,1322
1364,1323
1323,1267
1354,1168
1223,1158
1132,1267
4159,1107
1230,1235
1079,1129
1072,1129
1072,1079
1129,1036
1172,4159
1079,1035
1091,1268
1323,1252
1364,1226
1132,1352
1336,1267
1056,1181
1237,1235
1132,1195
1306,1336
1315,1122
1114,1268
1132,1255
1267,1079
1158,1268
1034,1035
1056,1102
1336,1161
1132,1256
1034,1036
1224,1268
1235,1282
1315,1045
1224,1225
1091,1336
1256,1281
1281,1255
1132,1353
1195,1281
1334,1267
1162,4159
1353,1281
1281,1352
1115,1225
1334,1161
1334,1306
1256,1231
1132,1283
1274,1268
1231,1255
1056,1159
1056,1040
1159,1040
1102,1162
1091,1161
1231,1195
1224,1179
1115,1179
1224,1115
1256,1353
1305,1267
1231,1352
1315,1319
1275,1268
1305,1161
1306,1305
1353,1255
1115,997
1187,997
1132,1259
1319,1268
1306,1166
1353,1352
1274,997
1132,1260
1166,1161
1305,1036
1267,1036
1100,1319
1083,1305
1198,1275
1261,1260
1353,1260
1088,1267
1100,1123
1099,1198
1198,1108
1294,1280
1099,1275
1279,1267
1124,1183
1067,1124
1124,1276
1191,1229
1099,1108
1191,1059
1124,1345
1191,1314
1270,1267
1108,1124
1191,1063
1211,1267
1124,1280
1063,1276
1191,1317
1108,1314
1067,1063
1067,1191
1124,1267
1289,1280
1067,1317
1183,1345
1828,1754
1108,1067
1766,1754
1108,1063
1082,1350
1069,1270
1333,1119
1183,1267
1069,1083
1069,1088
1069,1211
1333,1339
1211,1278
1303,1264
1311,1267
1303,1119
1264,1278
1264,1119
1339,1133
1278,1267
1345,1348
4163,1350
1264,1267
1138,1339
1311,1348
1267,1119
1313,1267
1313,1119
1303,1339
1348,1267
1303,1332
1304,1133
1339,1267
1313,1343
1343,1188
1343,1346
1343,1074
1337,1133
1304,1138
1136,1133
1337,1138
1337,1143
1337,1269
1136,1138
1313,1116
1116,1188
1116,1346
1303,1136
1138,1341
1116,1074
1116,1182
1136,1143
1303,1337
1116,1185
1271,1337
1269,1341
1271,1267
1082,1217
1057,1138
1304,1267
1082,1311
1057,1269
1271,1341
1057,1287
1057,1271
1313,1190
4162,1217
1304,1185
1304,1116
1190,1188
1190,1346
1190,1074
1310,1267
1190,1182
1190,1347
1190,1185
1082,1278
1170,1271
1309,1267
1309,1271
1106,4162
1057,1267
1313,1082
1310,1185
1057,1163
1170,1267
1106,1321
1309,1190
1309,1185
1254,1217
1082,1193
1173,1170
1057,1186
4162,1214
1254,4162
1170,1185
1342,1057
1178,1173
1057,1185
1171,1170
1178,1057
1342,1170
1214,1201
1106,1201
1057,1347
1342,1171
1321,1201
1217,1201
1278,1201
1178,1170
1057,1082
1313,1316
1185,1349
1186,1185
1082,1349
1057,1349
1057,1344
1185,1050
1351,1106
1923,2302
1984,2000
2236,2248
2302,1858
1895,2230
2023,1975
1984,1975
1895,1858
2236,2219
1923,2236
1923,2219
1888,1858
2230,2219
2230,1911
1858,2219
2204,2219
2204,1858
2202,1858
2218,2219
2229,1930
1895,2217
1858,1911
2225,1911
2202,2193
2230,2229
1888,2217
1923,2229
1923,1930
2218,1911
2202,2195
2204,2217
1858,2229
2218,2225
2225,2229
2204,2202
2203,1858
2203,2199
1888,2212
2221,2229
2203,2193
1866,2204
1895,1888
2204,2212
1866,2202
2225,2226
1895,2204
1858,2226
2195,2193
1996,1984
2199,2200
1866,2195
2206,1858
2221,2226
1858,1878
2206,2199
2191,2302
2191,1856
1866,2193
2204,2191
2202,2191
2191,2322
1917,1931
2025,1975
1917,1912
1852,1856
1919,1931
2224,2116
2116,4172
2224,4172
1891,1912
1931,1912
2193,2191
1931,1975
1848,1852
1919,1912
2193,2320
1851,1852
1913,1975
2224,1912
2224,1931
2191,1753
2223,1912
2116,1943
1856,4173
2223,1931
1877,1975
1917,1913
2211,1913
1848,4173
1891,1913
2320,2319
2193,2319
2337,1975
2302,2176
1753,2319
2211,1891
2176,4173
2337,1867
2320,2322
2211,1877
2176,2170
2337,1857
2224,4185
2211,2224
1901,2224
1891,2207
2320,2318
2318,2322
2337,4185
2223,1913
2224,2207
2224,1892
2223,2334
1877,4185
2211,1901
1854,2337
2318,1753
1877,2207
2320,1836
2207,1892
1901,2223
1916,2334
1901,2334
1916,2223
2113,2337
2113,4185
1838,2318
2259,1975
1892,4185
1901,1916
2337,2334
1834,1836
1855,1975
1855,1867
2302,1855
1834,1753
2337,1898
1855,1857
1903,2334
1855,2170
2320,1753
1855,4185
2306,1833
1854,1855
2320,1855
2113,1855
1838,2306
2030,1975
1753,1855
1875,2334
1855,2334
1838,1855
1753,1806
2100,2302
1753,1792
1753,1788
2103,2100
2100,1753
1773,2154
1997,1937
1773,1753
1773,1828
1753,2154
1828,2154
1828,1753
1773,2100
1773,2158
1937,1820
1773,2302
1828,1770
2302,1882
1773,1882
1801,1937
1975,1937
2302,1975
2302,1937
2140,1754
1754,2146
2359,2146
2359,1754
1828,1764
2270,1975
2302,1754
1783,1975
1975,2093
1828,2146
1821,1783
2305,2270
2305,2093
2359,1769
4158,1019
1019,1025
1025,1022
996,1025
1326,1024
1065,1288
1065,1024
1288,1024
1019,1286
1065,1025
1071,1025
4156,1440
1065,1296
1288,1296
996,1286
1024,1296
1454,1440
1022,1286
4156,1644
1019,1020
996,1019
1020,1022
1071,1192
1065,1286
1368,1369
1440,1644
1060,1025
1440,1453
1457,1551
1454,1551
1020,1065
1644,1544
1402,1368
1368,1393
1551,1456
1548,1551
1078,1019
1078,996
1060,1286
1078,1089
1045,1286
1434,1369
1113,1071
1551,1648
1551,1444
1648,1444
1017,1065
1012,1025
1078,1022
1060,1078
1060,1020
996,1089
1589,1434
1548,1456
1060,1018
1434,1402
1078,1065
1434,1393
1454,1548
1060,1017
1012,1286
1417,1434
1089,1028
996,1028
1543,1369
1019,1028
1458,1369
1542,1368
1135,996
996,1029
1135,1029
1019,1029
1135,1089
1018,1012
1047,1286
1548,1544
1381,1434
1022,1029
1589,1458
996,1027
1019,1027
1544,1646
1544,1648
1648,1646
1544,1444
1022,1027
1060,1058
1433,1434
1402,1458
1017,1012
1458,1393
1543,1444
996,1071
1065,1029
1542,1434
1592,1444
1417,1458
1592,1421
1089,1121
996,1121
1431,1434
1592,1369
1019,1121
1132,996
1078,1012
1381,1458
1132,1019
1022,1121
1058,1012
1132,1022
1543,1440
1132,1299
1085,996
1592,1402
1470,1434
1438,1434
1085,1071
1470,1438
1592,1648
1433,1458
1592,1393
1132,1325
1065,1121
1542,1458
1132,1065
1019,1026
1592,1633
996,1026
1452,1369
1431,1458
1592,1381
1132,1048
1132,1045
1589,1452
1060,1121
1060,1132
1010,1019
1402,1452
1010,1022
1010,996
1592,1542
1010,1026
1452,1393
1010,1065
1132,1131
1132,1012
1381,1452
1592,1470
1060,1010
1131,1076
1076,1360
1131,1360
1012,1026
1324,1022
1132,1286
1542,1452
1131,1286
1589,1538
1048,1360
1538,1402
1324,1065
1016,1012
1010,1016
1010,1012
1132,1113
1023,1022
1470,1452
1132,1137
1538,1393
1060,1016
1023,1065
1137,1076
1298,1360
1328,1012
1328,1010
1328,1009
1589,1638
1060,1328
1299,1360
1132,1037
1638,1402
1037,1076
1328,1065
1111,1299
996,1021
1192,1131
1638,1393
1019,1021
1140,1335
1381,1638
1470,1418
1328,1021
1021,1022
1132,1085
1328,1022
1137,1335
1010,1084
1045,1325
1137,1037
1298,1111
1060,1014
1014,1009
1638,1418
1014,1065
1382,1645
1526,1619
1132,1007
1470,1638
1381,1619
1132,1151
1328,1019
1151,1076
1014,1022
1418,1619
1014,1084
1335,1037
1010,1007
1638,1645
1007,1014
1470,1619
1382,1580
1060,1239
1132,1051
1239,1052
1060,1053
1239,1009
1052,1053
1239,1065
1053,1009
1053,1065
996,1360
1328,1360
1328,996
1239,1022
1019,1014
1645,1619
1001,1010
1239,1084
1638,1580
1071,1051
1239,1077
1470,1626
1007,1239
1132,1272
1328,1049
996,1051
1019,1239
1009,1268
1382,1623
1060,1268
1236,1268
1014,1360
1065,1268
1619,1580
1022,1268
1001,1239
1645,1626
1328,1095
1382,1430
1328,1104
1077,1268
1084,1268
1382,1383
1425,1619
1049,1014
1019,1268
1430,1638
1239,1360
1007,1268
1584,1580
1626,1584
1626,1580
1382,1386
1623,1584
1623,1619
1619,1584
1095,1014
1638,1584
1010,1002
1239,1002
1010,1239
1382,1416
1382,1584
1002,1015
1055,1104
1055,1014
1014,1104
1060,1110
1001,1268
1049,1239
1065,1110
1019,1110
1002,1268
1623,1626
1382,1534
1638,1416
1360,1268
1382,1425
1534,1638
1049,1268
1041,1055
1001,1033
1416,1619
1051,1126
1015,1268
1382,1432
1638,1425
1041,1104
1416,1626
1432,1638
1033,1015
1382,1618
1060,1040
1055,1268
1105,1040
1065,1040
1049,1148
1022,1040
1159,1104
1638,1618
1432,1619
1095,1148
1097,1055
1425,1626
1105,1038
1159,1268
1055,1148
1529,1425
1619,1618
1038,1022
1049,4159
1000,1015
1095,4159
1060,1285
1285,1105
1097,1159
1285,1022
1626,1618
1055,4159
1005,1015
1068,1038
1529,1618
1051,1128
1073,1022
1284,1015
1285,1040
1068,1285
1360,1040
1626,1413
1159,4159
1529,1415
1038,1251
1049,1149
1529,1413
1095,1149
1204,1015
1285,1251
1367,1415
1055,1149
1529,1639
1068,1073
1367,1413
1285,1219
1219,1040
1066,1022
1285,1015
1159,1149
1412,1529
1535,1390
1633,1504
1049,1040
1367,1639
1102,1055
1619,1390
1427,1529
1285,1360
1412,1367
1068,1066
1285,1003
1060,1008
1295,1008
1626,1390
1095,1040
1529,1390
1022,1008
1367,1427
1102,1159
1068,1008
1015,1003
1004,1008
1367,1390
1435,1540
998,1003
1060,1233
1233,1022
1356,1008
1066,1251
1055,1040
1592,1435
1233,1004
999,1015
1001,1008
1008,1003
1006,1066
1006,1022
1435,1631
1360,1008
1013,1219
1006,1004
1257,1360
1257,1008
1008,1015
1258,1360
1219,1008
1054,1022
1054,1295
1233,1219
1042,1356
1592,1631
1054,1068
1054,1356
1631,1540
1006,1219
1606,1420
1482,1420
1420,1459
1592,1420
1634,1560
1482,1634
1459,1634
1636,1634
1636,1659
1459,1659
1636,1459
1592,1536
1536,1461
1662,1659
1536,1649
1472,1446
1536,1653
1663,1659
1536,1560
1606,1560
1606,1536
1054,1360
1472,1536
1295,1022
1022,1273
1592,1461
1295,1273
1636,1536
1649,1653
1356,1273
1068,1273
1536,1647
1030,4160
1044,1257
1536,1635
1606,1669
1536,1669
1482,1536
1650,1635
1030,1258
1001,1273
1663,1664
1636,1662
1664,1662
1636,1664
1653,1650
1094,1360
1472,1547
1056,1257
1030,1257
1360,1273
4161,4160
1636,1595
1446,1547
1015,1273
1649,1650
4161,1258
1676,1595
1056,1258
1455,1547
1636,1676
1011,1273
1093,1360
1669,1635
1669,1650
1672,1595
1567,1562
1653,1562
1649,1562
1647,1649
1461,1650
1652,1562
1592,1472
1141,1360
1146,1257
1676,1675
1651,1562
1044,1361
1469,1547
1612,1562
1571,1675
1571,1672
1675,1672
1044,1145
1569,1567
1670,1651
1652,1651
1670,1652
1669,1562
1461,1562
1670,1654
1030,1361
1044,1094
1463,1676
1670,1655
1595,1669
1658,1673
1670,1656
1056,1361
1571,1463
1671,1654
1660,1673
1569,1570
1657,1670
1044,1092
1661,1673
1655,1671
1670,1658
1030,1145
1671,1656
1044,1273
1056,1273
1569,1661
1056,1145
1670,1660
1657,1671
1569,1673
1670,1661
1569,1669
1044,1093
1671,1658
1612,1656
1030,1094
1671,1660
1056,1094
1146,1361
1612,1657
1674,1673
1569,1670
1671,1661
1455,1472
1612,1658
1044,1141
1675,1669
1612,1660
1030,1092
1056,1092
1056,1360
1677,1673
1030,1273
1670,1674
1146,1145
1569,1671
1612,1661
1607,1472
1044,1090
1056,1093
1030,1093
1677,1670
1673,1463
1612,1569
1674,1671
1146,1094
1056,1134
1463,1669
1044,1134
1670,1463
1677,1671
1612,1674
1056,1141
1030,1141
1146,1273
1146,1092
1677,1612
1671,1463
1469,1455
1056,1090
1469,1472
1030,1090
1146,1093
1146,1141
1674,1613
1674,1573
1146,1090
1637,1669
1677,1613
1469,1607
1677,1573
1461,1637
1329,1119
1044,1056
1573,1613
1331,1119
1103,1119
1333,1331
1057,1329
1331,1332
1057,1332
1057,1300
1057,1337
1120,1300
1337,1331
1057,1120
1120,1287
1057,1303
1287,1050
1267,1050
1220,1267
1810,1925
1896,1925
1945,2279
1945,2120
1922,2194
1922,1945
1925,2241
1810,1922
1922,1896
1923,1922
1923,1896
1896,1949
1922,1961
1967,1949
2241,1914
1925,1914
1961,2279
2233,2241
1945,1967
1945,1949
1961,2120
2279,2120
1753,2248
1923,2241
1753,2122
2233,2248
1753,2233
1896,2205
1810,2205
1959,1967
1753,2239
2122,2239
2327,2230
2328,2230
1896,2230
1979,2253
1979,1967
1961,1949
2001,2230
1922,2279
4172,2279
1923,1914
1932,2248
1896,4184
2328,2332
2332,2327
2205,2194
4184,2029
1860,2230
1896,2029
1959,1961
1979,1980
1872,2001
1872,2327
2328,1872
1979,1961
2114,1930
1967,2253
1872,1860
2230,1753
4172,1949
1872,1753
1896,2302
1860,2336
2230,1878
1961,4172
1923,2226
1896,2009
2001,2336
2302,2009
2302,2029
1847,2205
4172,2128
2327,1990
2327,1858
2336,1753
1990,1858
2128,1980
1842,2194
2230,2226
2328,1858
1858,2197
1810,1858
1896,1858
2001,1859
2001,1858
1859,1858
1859,1860
2225,1753
1859,1753
2009,2029
2225,1878
1967,1982
1967,1980
2185,2205
2305,1984
1860,1858
1961,1982
2205,4184
1980,1982
1984,2238
1859,2222
2222,1753
1858,1753
2222,1878
2199,1753
2221,1878
4184,1954
1984,2029
2009,1984
1840,1954
1835,2251
1961,1987
1838,2251
2302,1987
1753,2251
2185,4184
1831,2180
2192,2180
2190,2180
1896,2180
2188,2180
1835,2180
2187,2180
2186,2180
2194,2180
2179,2194
2179,2180
2183,1954
2191,1831
2191,2192
2191,2190
1810,2191
2191,1896
2191,1835
1831,2314
1838,2191
1896,2184
2184,2188
2184,2187
2184,2186
2184,2194
2025,4175
1838,1835
1847,2180
2025,2238
1822,2314
2025,2029
2009,2025
2009,4175
1896,2314
2029,4175
2305,2015
2305,2025
2025,2015
2014,2025
2319,1831
2319,1835
1838,2319
2240,2009
1833,1835
2306,1835
1831,2306
2306,1822
2172,1789
2318,1833
1896,2194
2016,2240
1896,2306
2141,2145
1896,2177
2141,1797
2141,1752
2177,2179
2177,2174
2177,1786
1787,2141
2177,1802
2172,2177
1789,2177
2166,2177
2141,2147
2024,2019
2149,1752
1896,1855
2024,2013
1777,2141
1777,2147
1777,1787
1777,2145
1777,1752
1847,1777
1777,2166
1777,1789
1777,2172
1781,1855
1777,1786
1810,1855
1855,1802
1855,1796
1777,2174
1855,1767
1777,1855
1780,1796
1767,2179
1855,2179
1855,1790
1767,1790
1796,1790
1781,1806
1810,1790
1804,1855
1780,1790
1806,2125
1806,1792
1773,1810
1855,2098
1777,2098
2098,1790
1767,2098
1773,1767
1781,1790
1781,1784
1763,1767
1773,1771
1773,1781
1781,1771
1771,1767
1772,1767
1763,1772
1771,2148
1773,2148
1759,1763
1763,1762
1810,1762
1762,1767
1760,1762
1760,1847
1770,1765
1770,1767
2148,2154
1759,1762
1760,1759
1763,1756
2131,1767
2131,1764
1810,1764
1764,1767
1765,1764
1759,1756
1553,1488
1488,1604
1608,1488
1594,1488
1460,1594
1488,1619
1511,1619
1594,1466
1473,1608
1460,1466
1553,1619
1473,1553
1473,1619
1466,1488
1509,1556
1549,1509
1549,1511
1549,1467
1592,1608
1608,1619
1592,1467
1592,1619
1509,1611
1462,1611
1509,1462
1561,1495
1556,1611
1592,1480
1495,1619
1563,1468
1604,1619
1464,1468
1592,1566
1565,1468
1603,1604
1549,1619
1476,1566
1465,1611
1572,1468
1468,1495
1568,1619
1471,1476
1592,1549
1593,1619
1592,1558
1558,1465
1592,1465
1480,1566
1478,1476
1468,1619
1506,1468
1506,1619
1478,1477
1576,1506
1480,1568
1592,1509
1576,1619
1574,1572
1568,1566
1572,1619
1627,1387
1505,1619
1575,1506
4157,1506
1575,4157
1619,1646
1509,1633
295,15
1604,1369
1596,1505
1627,1374
1592,1646
1475,1596
1406,1441
1409,1419
198,19
1374,1419
1576,4157
1408,1619
1539,1408
1406,1604
1475,1619
1633,1646
1421,1539
1616,1577
1537,1485
1485,1487
1380,1369
1409,1369
1396,1485
1366,1369
1369,1374
1485,1419
1485,1590
1367,1369
198,199
19,199
1537,1384
1439,1485
1626,1369
1405,1485
1380,1389
1525,1389
1366,1389
1485,1374
1485,1369
1577,1481
1367,1389
1369,1619
1523,1374
1537,1530
1389,1626
1490,1485
1405,1629
1539,1369
1638,1539
1616,1481
1384,1487
1638,1369
1513,1619
1389,1619
1533,1384
1439,1384
1366,1523
1373,1600
54,199
1537,1487
1373,1366
1373,1526
1373,1490
1638,1389
1373,1524
1629,1530
1373,1530
1629,1373
1396,1373
54,49
27,54
1373,1523
1380,1393
1604,1393
1589,1367
1537,1533
1367,1393
1366,1526
33,199
1537,1439
1373,1487
1589,1626
1525,1393
1626,1393
1402,1604
1367,1402
1589,1619
1373,1393
1526,1393
1366,1393
1405,1373
1619,1393
1402,1626
1629,1487
1367,1375
1526,1604
1402,1619
1523,1393
1375,1526
1533,4155
1375,1626
1483,1579
1439,4155
15,13
1396,1621
1381,1621
1381,1490
1375,1619
1490,1393
1373,1533
1381,1366
1367,1526
1526,1418
1367,1418
1526,1626
1470,1629
1373,1439
1381,1604
1405,1621
1470,1398
1470,1410
1621,1393
1381,1393
1470,1528
1439,1411
1470,1533
1439,1533
1470,1439
1510,1533
1510,1439
1470,1510
1533,1411
1510,1411
1396,1470
49,153
1470,1411
13,153
1381,1367
1381,1632
1470,1385
1398,1410
1405,1470
56,153
1381,1626
1626,1418
1381,1418
1470,1490
1470,1625
295,153
1470,1366
15,153
153,186
1396,1393
1398,1414
1411,1410
1490,1377
1470,1378
1625,1377
295,13
1470,1367
34,153
1470,1632
1411,1414
1398,1528
1396,1388
1396,1399
1399,1388
34,13
1410,1378
1366,1645
1372,1388
1490,1370
1470,1423
1625,1370
1528,1411
1414,1378
1423,1410
1398,1399
39,153
1624,1388
1385,1624
1385,1388
1645,1584
1367,1645
1367,1584
1625,1624
1490,1624
1398,1372
1624,1599
1582,1388
1632,1645
9,4
1423,1414
1411,1399
324,295
324,153
1398,1624
1620,1490
1582,1599
1620,1388
1470,1422
34,39
34,174
39,174
1422,1410
1372,1411
1632,1367
1632,1584
1620,1599
1582,1398
1366,1580
1625,1580
1397,1580
1407,1399
1422,1423
324,12
1624,1411
1388,1580
1394,1580
1599,1580
169,153
1372,1407
1398,1580
1422,1399
1367,1580
1394,1623
1582,1411
1379,1625
324,34
1422,1407
1397,1392
1366,1379
1407,1624
12,169
9,64
13,174
286,153
1367,1623
1411,1580
1366,1625
10,8
1582,1407
1398,1391
1391,1388
1394,1392
269,8
64,8
64,269
8,23
1391,1490
1404,1411
1391,1625
1642,1519
1391,1642
1391,1519
1625,1519
1625,1642
34,169
9,154
1407,1580
1367,1392
12,286
1400,1394
1391,1395
41,153
1366,1642
1371,1388
1391,1522
1624,1618
1404,1407
1394,1416
269,154
1582,1618
1371,1395
1397,1642
1400,1367
165,169
286,34
1622,1490
1622,1521
1391,1411
1622,1517
1407,1618
1527,1642
1622,1519
1622,1388
1367,1416
1391,1618
1622,1395
1622,1522
286,165
9,153
1622,1618
1518,1521
1411,1390
1411,1618
1518,1490
35,169
40,153
9,40
1517,1518
1618,1390
1450,1390
1450,1618
1394,1642
1518,1388
1518,1519
1518,1618
286,35
41,34
1521,1520
1490,1520
9,80
1388,1618
1520,1388
1520,1618
1367,1642
10,64
1527,1518
1367,1425
1447,1429
172,35
14,153
1435,1447
1450,1447
1450,1435
1394,1518
1428,1447
1521,1618
1490,1618
1519,1618
64,267
10,267
1625,1618
1527,1618
41,35
34,40
1366,1618
1447,1436
1397,1618
64,148
1367,1518
1388,1390
1394,1618
1445,1447
176,41
34,11
1601,1429
165,40
1426,1429
10,154
1367,1618
64,149
154,158
1450,1376
1443,1376
1450,1443
30,153
150,267
1428,1429
41,103
34,14
165,11
1448,1447
35,40
1426,1443
1366,1413
1436,1429
267,149
1397,1413
64,20
1442,1429
150,154
10,144
176,40
1527,1413
165,14
35,11
1445,1429
1639,1366
1639,1625
1397,1639
267,20
1442,1443
80,144
103,40
1527,1639
1450,1426
154,149
1625,1390
1412,1625
1412,1390
30,34
30,32
32,34
1448,1429
1412,1366
1445,1443
1531,1586
35,14
154,156
10,153
1447,1403
1412,1397
1412,1527
1366,1390
158,80
154,20
1640,1390
1640,1366
1450,1442
1448,1443
1397,1390
176,14
10,34
1527,1390
10,130
1450,1445
156,144
1435,1640
1587,1531
1443,1403
30,35
1448,1450
1450,1541
1448,1541
150,130
10,269
1588,1586
103,14
156,80
153,156
130,149
1450,1403
1640,1630
1435,1437
1640,1376
1588,1587
130,20
10,32
180,14
1447,1503
1447,1512
1512,1503
10,163
189,163
14,121
1545,1512
189,130
163,167
1602,1640
163,20
1450,1503
168,32
1588,1531
164,163
168,35
10,168
168,163
180,168
189,167
10,121
120,121
10,120
1508,1545
35,167
167,20
1578,1504
1532,1508
1532,1545
173,120
35,296
120,296
166,170
120,159
166,20
1554,1503
1640,1503
1554,1640
1451,1512
1588,1504
35,189
166,164
170,171
171,20
35,171
1451,1555
1668,1550
1449,1546
1605,1546
35,279
279,170
1507,1449
1420,1503
115,159
1546,1545
279,20
1507,1605
1451,1508
279,164
1507,1545
115,189
1555,1512
1532,1668
1507,1550
115,181
1451,1668
1507,1609
115,279
1508,1512
1451,1507
35,20
1554,1550
1451,1511
1559,1668
115,20
1451,1609
1451,1557
1557,1512
1610,1559
279,185
181,185
181,279
1552,1512
1564,1512
1564,1668
1668,1512
1552,1668
115,190
1557,1508
1552,1564
1552,1610
279,4150
1451,1554
1557,1532
1552,1507
184,20
1557,1550
1552,1609
184,190
1552,1554
279,197
279,190
1554,1516
1554,1420
1516,1420
1922,1955
1926,1955
1955,1949
1955,1956
2118,1926
1947,1940
1922,2118
2235,1940
2118,1947
2118,1949
2235,2118
2121,1955
2118,1956
2118,2121
1847,1922
1847,1949
1893,2175
2165,2168
4167,2313
4174,1987
1893,1942
2168,4167
4172,1982
4167,1830
2165,1942
2308,4167
1847,1987
1942,4167
2313,1830
1819,4167
4184,2309
1893,4167
4167,4184
2163,2175
2308,2313
2358,4167
1843,2171
1824,4184
1832,2171
1829,1813
1813,2309
1829,2309
4172,1987
2183,1813
1816,4184
1824,1816
1817,1816
2171,4167
1816,1813
1800,1942
2169,2171
2163,1832
1942,2313
1799,1942
1817,1813
1814,1800
1805,2152
4168,4167
1800,1808
1777,1799
2169,2163
1805,1800
1942,4184
1777,4184
2138,1794
1799,1800
1777,1800
2099,1799
1777,2099
2152,2142
2138,2099
2099,1794
2151,2163
4168,2163
2099,1800
1809,2142
2302,2143
4166,2142
1811,1812
2151,1815
2142,1807
2152,1794
2151,1818
4168,2151
2151,1812
1809,1794
2149,2141
1811,2155
1807,1811
4166,1811
1777,2149
1811,1794
1807,2151
2150,2155
2013,2068
1777,2138
2277,2068
2302,2021
2260,2024
2021,2078
2047,2021
2047,2078
2302,2078
2024,2277
2024,2074
2138,1782
2277,2074
2260,2074
2260,2263
2263,2021
2024,2263
2024,2021
2073,2021
2024,2073
2047,2073
2047,2043
216,153
219,153
234,153
219,234
219,216
219,4148
288,153
220,4148
219,74
74,153
233,4148
288,4148
288,233
74,44
235,153
235,86
153,86
234,86
44,213
218,86
19,153
288,83
94,235
213,153
19,213
74,213
288,58
235,234
70,73
73,213
70,213
220,83
69,213
58,83
228,234
228,153
69,65
317,69
317,65
94,228
230,153
94,230
33,153
93,235
221,213
317,221
317,213
1474,1597
1667,1579
1474,1489
1617,1479
1498,1492
94,93
1474,1492
1617,1667
1617,1597
1667,1597
93,234
99,28
90,28
99,90
93,153
233,102
102,153
93,102
235,99
234,99
1515,1492
7,99
1492,1667
240,110
1591,1597
309,233
309,247
309,153
309,240
240,153
1615,1579
1491,1492
1491,1667
114,247
1491,1597
1497,1515
1498,1497
317,299
299,153
317,201
299,201
1493,1667
1493,1581
247,336
1493,1597
1493,1492
1614,1579
27,153
117,247
117,153
114,117
117,233
191,153
251,124
1483,1597
1483,1667
1500,1492
118,127
1598,1483
124,126
1494,1514
131,153
1494,1496
1500,1483
1514,1499
1,153
194,56
251,126
1,127
187,56
1,122
1,123
247,126
153,132
1496,1502
122,66
1484,1598
133,131
1598,1486
133,126
66,123
66,132
1598,1501
1486,1502
1486,1496
320,204
131,126
250,133
327,132
250,131
132,237
204,280
320,280
249,327
249,245
92,139
98,131
76,320
155,221
297,302
320,302
297,320
247,139
310,142
297,60
92,247
98,310
98,153
310,153
297,24
92,131
303,302
310,132
247,141
35,119
283,303
297,211
92,153
283,60
21,211
108,131
35,39
283,24
107,132
310,107
119,13
304,155
35,13
13,45
283,222
35,16
16,119
143,3
297,55
297,13
104,3
13,128
283,211
35,46
303,24
258,3
46,119
3,142
283,205
324,35
311,242
107,3
324,51
324,128
324,119
324,193
324,106
324,21
143,259
108,153
76,24
324,283
13,280
155,24
143,104
24,222
24,227
24,96
96,227
152,24
35,277
106,277
303,222
24,211
258,143
55,13
226,24
226,211
155,223
152,222
324,55
324,300
259,107
258,104
286,53
286,51
286,128
286,18
223,211
286,119
193,286
155,222
286,106
283,286
286,277
226,152
303,205
286,62
211,222
155,211
324,303
286,300
193,67
226,222
283,67
211,305
226,227
172,103
119,25
258,329
25,106
155,205
329,312
312,259
329,259
67,300
29,128
29,51
305,205
29,53
29,18
119,29
311,287
324,311
286,303
324,287
283,29
103,17
324,155
324,96
29,62
300,29
324,231
324,305
67,303
324,227
312,107
41,106
41,119
41,18
155,286
109,227
41,128
41,53
41,51
109,229
231,229
286,305
300,72
26,72
72,75
29,75
303,75
303,72
29,72
303,29
286,72
155,72
155,227
72,227
286,227
155,67
305,227
17,106
48,72
72,37
119,17
286,111
111,227
231,287
40,106
119,40
109,287
40,128
40,53
40,51
40,18
111,71
48,305
111,287
305,37
71,128
26,68
68,71
26,71
300,71
303,71
61,71
155,305
59,71
71,31
71,305
292,111
128,51
71,51
287,306
180,119
180,18
180,106
180,51
48,71
180,128
71,37
59,31
59,61
61,31
155,71
287,160
119,177
292,306
61,68
61,300
61,303
180,31
91,160
287,322
180,59
48,61
111,161
81,37
243,287
119,121
155,81
121,177
91,322
121,128
84,287
292,160
82,37
287,225
243,91
155,82
292,322
50,160
48,162
37,162
84,91
303,162
155,162
287,162
300,162
155,287
140,162
292,243
59,162
91,225
121,162
42,162
84,292
157,155
243,50
292,97
91,162
157,162
157,287
59,146
292,225
38,303
63,121
50,97
137,146
155,241
241,37
241,42
292,162
63,59
140,146
2,120
2,121
63,137
300,43
300,146
43,146
281,2
63,140
2,59
241,292
2,137
303,146
155,100
63,43
115,120
38,215
196,195
140,2
100,95
196,120
301,20
155,87
63,303
2,43
100,37
146,215
120,195
120,188
100,292
196,281
38,37
87,95
189,59
52,155
2,303
215,79
189,137
196,189
159,188
146,37
52,95
38,87
140,189
100,239
189,195
2,215
155,88
189,43
37,79
95,88
137,202
52,38
189,188
140,202
196,202
301,189
207,43
189,303
52,239
2,37
43,202
207,303
155,38
38,95
301,192
185,192
185,188
188,192
4150,188
52,2
38,239
188,20
189,20
210,331
215,20
2,95
37,20
301,331
197,331
301,197
140,210
52,20
2,47
36,20
52,36
196,210
197,188
95,20
303,210
210,195
210,20
2,20
282,188
232,20
301,208
301,203
285,210
284,210
284,190
301,190
301,284
190,188
282,208
155,0
203,282
0,20
0,239
284,208
190,208
2,0
178,0
0,316
178,316
36,318
1922,2144
1922,2178
2178,1906
1906,1908
1915,1908
2178,2106
2022,2299
2160,4167
2160,2106
2106,4167
2169,2160
1825,4167
2163,4167
2022,2144
2160,1811
2159,1811
1823,1811
2022,2007
1811,1825
2163,1811
2159,1825
2163,2155
2160,1825
1815,1811
2163,1823
2163,2159
2159,1823
1815,2155
1811,1818
2163,2160
1818,2155
2160,2150
1823,2150
2022,2143
2143,2266
2051,2021
2051,2033
2033,2021
2051,2266
275,274
151,274
311,274
112,274
311,112
311,257
125,151
311,206
151,113
125,113
311,101
266,268
266,257
266,311
311,293
262,113
151,262
264,262
311,85
262,274
311,262
276,274
145,105
314,145
147,145
311,288
105,254
145,254
311,77
311,153
325,147
108,139
139,145
311,155
153,314
311,278
278,153
108,141
271,153
179,275
263,183
5,153
263,260
246,252
253,183
287,238
179,278
175,246
278,275
246,212
109,252
109,255
246,255
109,246
109,212
273,286
273,89
109,248
129,252
129,246
135,255
265,107
109,289
111,252
111,212
246,111
287,161
161,238
286,89
248,111
183,260
253,260
116,111
289,111
160,212
243,252
183,162
273,162
273,183
253,162
248,160
109,161
135,162
243,212
273,316
241,162
116,160
252,162
243,248
136,255
289,160
212,162
183,256
239,160
243,116
241,256
248,162
89,316
89,270
243,289
214,316
134,162
241,212
116,162
243,239
136,162
241,248
270,316
289,162
97,239
100,212
241,116
183,316
100,248
244,162
244,239
239,162
116,291
241,289
337,224
100,116
241,244
214,224
248,116
241,239
138,316
100,244
335,244
335,239
270,224
52,244
224,261
224,326
78,138
224,138
52,57
224,78
224,182
209,333
272,333
244,316
214,333
270,333
333,326
57,316
315,182
224,4151
333,261
333,138
333,182
214,209
224,318
178,224
178,318
178,315
178,333
1906,2106
1915,2106
2106,1908
2255,2257
2267,2257
2144,2257
4177,2257
4177,2144
4177,2143
2157,2143
276,294
294,274
278,274
278,294
4149,224
330,4149
330,224
236,224
337,4149
2037,2298
2041,2298
2267,2144
2304,2144
2041,2144
2304,2045
2041,2045
2304,2050
2050,2143
2041,2143
2304,2143
2050,2041
2304,2054
2054,2041
2054,2067
2067,2041
2055,2064
2063,2058
2063,2065
2058,2055
2058,2065
2065,2055
2060,2064
2064,2053
2062,2053
2062,2064
2056,2059
2062,2059
2059,2053
2369,2652
2369,2447
2828,2652
2847,2665
2847,2843
2846,2676
2437,2846
2846,2652
2450,2660
2370,4206
2370,2660
2436,2437
2652,2660
4206,2660
2450,2447
2436,2865
2652,2677
2660,2677
2447,4206
2436,2677
2676,2865
2676,2465
2677,2865
2666,2676
2579,2437
2579,3172
2676,2829
2468,2666
2666,2865
2468,2849
2459,2865
2459,2465
2848,2672
2849,2672
2847,2468
2468,2843
2849,2465
2468,2679
2437,2843
2847,2672
2849,2865
2666,2672
2672,2843
2847,2830
2849,2829
2847,2831
2666,2829
2438,2848
2829,2848
2831,2843
2849,2854
2848,2455
2465,2843
2865,2843
2829,2843
2847,2438
2666,2854
2679,2440
2854,2843
2455,2854
2455,2843
2679,2865
2847,2455
2830,2455
2438,2829
2666,2831
2440,2465
2687,2843
2666,2843
2880,2843
2371,2652
2869,2652
2439,2441
2837,2441
2877,2841
2439,2834
2869,2834
2869,2845
2869,2446
2837,2836
2837,2439
2869,2877
2869,2841
2439,2877
2869,2836
2439,2836
2449,2446
2893,2845
2449,2841
2893,2442
2893,2446
2666,2845
2893,2841
2845,2926
2449,2442
2448,2442
2652,2860
2893,2666
2448,2446
2449,2893
2666,2652
2926,2442
2448,2841
2926,2919
2898,2845
3172,2860
2863,2860
2863,3172
2512,2845
2509,2845
2923,2509
2512,2940
2907,2845
2937,2845
2937,2923
2928,2509
2509,2940
2861,2512
2861,2940
2949,2950
2902,2906
2898,2521
2950,2945
2861,2509
2897,2906
2897,2902
2937,2928
2937,2940
2898,2524
2937,2950
2520,2906
2907,2521
2920,2845
2520,2897
2940,2966
2937,2861
2524,2906
2698,2947
2518,2906
2579,2430
2525,2906
2924,2922
2924,2920
2523,2906
2902,2843
2524,2845
2947,2705
2907,2524
2966,2947
2966,2705
2523,2897
2960,2947
2922,2843
2906,2843
2691,2493
2923,2843
2443,2897
2897,2518
2443,2518
2443,2691
2443,2445
2525,2845
2516,2443
2940,2843
2966,2843
2493,2430
2916,2920
2524,2526
3037,2699
2950,2843
2916,2917
2916,2845
2960,4207
2523,2845
2520,2843
2444,2691
2698,4207
2525,2526
2839,2443
2861,2924
3037,2843
2523,2526
2517,2518
2691,2843
2493,2843
2953,2843
2861,2843
2516,2894
2962,2843
2430,2843
2523,2843
2839,2843
2516,2517
2891,2691
2894,2900
2839,2891
2545,2931
2517,2900
2839,2894
2895,2843
2839,2517
2895,2891
2891,2444
2545,2954
2931,2954
2953,2954
2861,2695
2956,2873
2851,2844
2991,2962
2873,2844
2956,2962
2873,2851
2454,2844
2454,2851
2962,2844
2873,2925
2962,2851
2454,2925
2873,2888
2837,2888
2454,2888
2962,2925
2869,2919
2869,2873
2837,2873
2962,2888
2449,2888
2449,2454
2449,2919
2893,2919
2951,3004
2951,2988
2951,2536
2893,2962
2448,2919
3004,2974
2988,2974
2536,2974
2999,2974
2684,2962
3007,2974
2539,3004
2539,2988
2539,2999
2560,2974
2962,2926
2539,2560
2544,3004
2544,2988
3000,3004
3000,2988
2544,2999
3000,2999
2995,2560
2949,2962
2999,2988
3000,2995
2548,2974
2995,2547
2999,3004
3000,2544
3002,3004
2988,2560
3002,2988
2943,2962
2943,2952
2943,2843
3008,2988
2974,2952
2999,2911
2548,2952
3002,2911
2962,2952
2952,2843
3008,3004
3007,2970
3008,2911
3010,2988
3010,3004
2580,2388
2388,3232
4209,2738
4209,2388
2738,3032
3034,3032
2573,2738
2388,3032
2573,3034
2565,2738
2386,3063
2565,3034
2738,3034
2567,2738
2738,2994
2567,2994
3035,2567
2994,3229
3070,3079
3070,3063
3063,3079
3070,3057
2941,3026
2941,3229
3007,3229
2377,3004
3007,2952
2377,2952
2547,3004
2377,2547
2547,2988
2560,3004
2377,2560
3924,3770
3770,3970
3924,3970
3773,3970
3769,3773
3773,4028
3774,4028
3773,3774
3773,3972
4057,4043
4028,3970
4038,3970
3970,4123
3772,3970
3773,3905
4057,3886
4057,3974
3774,3973
3772,3774
3774,4038
3774,3775
3970,3905
3969,3974
3774,3975
3775,3975
4127,3905
4057,3905
3905,4043
4127,3975
3905,3975
4057,3969
3905,3898
3776,3905
3896,3886
3898,4237
3898,4039
3691,4237
3691,4039
3793,4237
3793,4039
4042,3905
3889,4057
3971,4039
4039,4125
4042,4126
4042,4237
4042,4039
4073,3693
3693,4064
4073,3705
4073,4043
3705,4064
3706,3693
3728,4068
4065,3728
4034,3693
4073,3728
3706,3705
4133,3705
4034,3705
4034,4133
3693,4033
3808,4068
4065,3808
4073,3808
4133,3728
4033,3705
3712,3808
3704,3705
4033,3728
4063,4068
3808,4033
4065,4063
3712,4063
4073,4063
4063,3715
4063,4133
4063,4033
4063,3711
4132,4068
3712,4132
4065,4132
4073,4132
4132,3715
4133,4132
3978,4063
4063,3860
3711,4132
4067,3728
4033,4132
3693,3694
3978,4132
4066,4068
3804,4066
3712,3804
3712,4066
4065,4066
3694,3728
3804,3715
4073,3804
3860,4132
4067,4063
3804,4133
3712,4009
4033,4066
3804,3711
3712,3859
4067,4132
3978,3804
4063,3830
3729,3728
4066,3860
4033,4070
3712,3730
4073,4009
3712,3731
3712,4068
3712,4065
4033,3859
4132,3830
4133,3860
3860,4070
4067,4066
4073,4072
4063,3729
3860,3715
4009,3860
4073,3731
4033,3730
3860,3859
3729,4132
4131,3694
4131,3728
3861,4033
3860,4072
4073,4033
4033,4068
4073,4068
4065,4033
4067,4133
4067,3715
3731,3860
4033,4043
3730,3860
4009,4067
3861,3860
4067,4072
3860,4068
4065,3860
4133,3947
3947,3715
3863,3728
3731,4245
4009,3947
4245,4067
3731,4067
4067,3730
3861,4067
4067,4068
4065,4067
3863,4063
4009,4134
4134,4072
4245,4134
4133,3835
3731,4134
4130,3728
3730,4057
3835,3715
3861,4057
4057,4068
4065,4057
4009,3835
3835,4072
4063,4130
4134,4057
3720,4057
4245,4057
4057,3835
4133,3836
3720,3834
3834,4057
3834,3728
3834,3826
3826,3728
4032,4043
4032,3697
4034,3697
3697,4057
4032,4057
4034,4032
3854,3826
3854,3823
3854,3853
3854,4006
3854,4055
3854,3819
3854,3701
3854,3728
3836,4057
3824,4243
3826,3824
3826,4243
4243,3823
3824,3823
3853,3824
3824,3819
3979,4057
3701,3824
4055,3824
3824,4006
3864,3697
3864,3728
3824,4052
4057,3728
3739,4057
3987,4008
4052,3819
3984,4008
4055,4052
3853,4052
3823,4052
4052,4006
3826,4052
4008,4129
4008,3858
4008,3728
4057,4008
3701,4008
3826,4008
4008,4006
3820,3987
3820,3984
3701,3831
3700,3831
3826,3831
3828,3831
3829,3831
4053,3831
3831,4006
4033,4057
3728,4059
3862,4059
4058,4129
3692,4129
3832,3700
3832,4053
3728,4060
3832,3701
3832,4006
3832,3829
4129,4060
3832,3828
3832,3826
3856,4129
3701,4244
3700,4244
4244,4053
4244,4006
3829,3721
3828,4244
3826,4244
4006,4005
3826,4005
4049,4005
3741,4057
4057,4005
3776,4057
4057,3976
3905,3976
3119,2598
3119,2403
2598,2403
2403,2407
3119,2407
2608,2407
2608,2598
2608,2403
3133,2652
2608,3133
2608,2643
2643,2648
2608,3128
2652,2407
2643,2407
2643,3128
2643,2774
2774,2407
2777,2407
3118,2648
2774,2777
3128,2407
2643,3120
3118,2407
3118,2774
2608,2652
2640,2648
2598,2652
2774,3128
2648,2654
2648,2407
2652,3120
4223,2776
2786,4223
2652,2781
2768,2786
2789,2786
2789,4223
4223,2780
2756,4222
2652,2756
4223,2657
3211,2657
2780,2657
3196,3204
3204,4222
3196,3205
2794,2657
3205,4222
3191,3204
3211,3208
4223,3208
2428,4222
3191,3205
3193,3204
3238,3193
3238,3204
2814,2657
3193,3205
3191,2428
4218,2428
4218,3191
3238,3208
4218,3193
2794,3208
2818,4223
2818,3211
4218,3208
2803,3208
2659,4223
3143,3145
3894,3886
2821,4223
3219,4223
3209,2803
4223,3209
4223,2820
2820,3209
3219,2820
3219,3223
2800,2821
3220,3223
2821,3223
2800,2803
4223,2778
2822,2778
2822,3220
4223,2432
3220,2778
2821,2778
2823,2778
4040,3691
4040,3793
3223,2820
4240,4126
4040,3971
4040,4125
3219,2778
3689,4126
4040,4126
3689,4042
3689,4040
4040,4042
3812,3848
4135,3805
3866,4135
4137,3805
3812,4135
4135,4069
3865,4135
3865,3848
3812,3905
3992,3805
3809,3905
4048,3905
3865,3992
2825,2823
3905,3813
2659,2823
2659,2778
4238,3905
4138,3873
3905,3913
4062,3992
4062,3743
4135,3867
4238,3690
3905,4045
4135,3873
3992,4014
4135,4027
4138,3875
3905,4044
3865,3905
4138,4027
3875,4027
3744,4014
4014,3743
3905,3904
4047,3904
4057,4014
2474,2485
2850,2987
2485,3225
3225,2909
2474,2987
2549,3225
2474,2993
2490,2993
2993,3225
2987,2921
2987,2962
2962,2921
2962,3225
2490,3005
3005,3225
2474,3005
2474,2490
2739,3005
2962,2458
2458,2453
2494,3225
2739,3225
2875,2962
2569,3225
2969,3225
2969,2909
3024,3225
2885,2991
3221,3225
3016,3225
3016,3221
2875,2652
2875,2873
2885,2870
2972,3225
2873,2652
3024,2933
3016,2933
3221,2885
3024,3022
2549,2991
3016,3022
2913,2915
2867,2850
2969,2942
2569,2942
3024,2948
3020,2984
2944,2915
2969,3020
3024,2578
2569,2984
2867,2913
3016,2948
3024,2984
2569,3227
2850,2858
2969,3227
2969,2984
3016,2578
2549,2870
3007,3221
3016,2984
2972,2948
2867,2944
2944,2987
2972,2984
3024,3028
3007,2549
3016,3028
2944,2850
3024,3030
3016,3030
2972,3030
2867,2903
2903,2850
2987,2910
2987,2998
2998,2910
2867,2838
2914,2910
2838,2850
2962,2910
2380,2970
2983,2970
3037,3018
2612,2613
3042,3021
3018,3021
3029,3018
3042,2538
3021,2952
3029,3021
2744,3021
3042,3046
2613,2616
3053,3021
2750,3021
3041,3021
2745,2538
3051,3021
3029,2538
2744,2538
3042,3027
3053,2538
2750,2538
3041,2538
3051,2538
3042,2529
3042,3050
3042,2941
2601,2941
2745,3046
2567,2941
3029,3046
3053,3046
2744,3046
2750,3046
3042,2593
3041,3046
2745,3027
3051,3046
3049,3062
2566,2601
3029,3027
2566,2567
3050,2941
3021,3062
2744,3027
3042,3017
3042,2747
3040,3017
3029,3050
3038,3017
2745,3050
3017,2601
2750,3027
2745,2593
3036,2601
3035,2601
2750,3050
2747,3017
3051,3027
3042,2584
3042,3045
3042,2994
3053,3027
2584,2601
2994,2601
2565,2584
2745,2747
3051,3050
3029,2747
2750,2747
3035,3036
2600,2601
3042,3039
2397,3062
3058,2389
3029,3052
3055,3062
3051,2747
3050,3108
2750,3052
3045,2994
3064,3050
2994,2388
3051,3052
2565,2388
2584,2388
2745,3045
3029,3045
3052,3027
2745,2584
3029,2584
2387,2601
2602,2600
3051,3045
3052,3050
2573,2388
2745,3039
3029,3039
3042,3032
3042,3069
2601,3032
3064,3045
3058,3068
3052,2392
3029,3015
3069,3032
2602,3032
3090,3058
3087,3058
3048,3050
3065,3050
3029,3069
3045,4216
3087,2652
2540,3050
3058,3050
3090,3087
3050,3062
2601,3232
3048,3045
3065,3045
3065,2994
2540,3045
2540,2994
3045,3094
4204,3074
4204,3045
2994,3062
2603,2609
3102,2609
2771,2609
2603,3102
3130,2711
3130,3150
3130,2771
3130,4214
3071,2603
2651,3233
2646,3233
3071,2632
3130,2760
3150,2782
2609,3233
3130,2797
3141,2760
3102,3233
2638,3071
3130,3233
2603,3233
2638,3233
2632,3233
3132,2782
2815,3130
4214,3233
3115,2651
3070,2617
3150,3132
2546,4214
2760,2770
2815,2546
3141,2770
2546,3233
3130,2651
2707,3233
4214,3106
2706,3233
3158,3233
3105,3106
2707,2706
3111,3158
2707,3111
2707,3158
3111,3112
2707,3228
3123,2588
3130,2622
2707,2716
3228,3112
3111,3228
2707,2708
2716,3112
3130,3114
3111,2716
2550,2709
3184,2709
2588,3079
2395,3079
3114,3106
2550,3106
4216,2620
3160,3158
2707,3160
2622,3159
3184,2782
2721,2748
3160,3111
3160,3112
3184,3106
2709,3233
3184,3233
2709,3106
4200,3150
2622,2581
3233,3106
4216,3114
2620,3114
3231,3114
3231,2620
3231,4216
4200,2622
2554,2562
4200,2581
2557,2554
4200,3162
3184,2748
3142,2562
2723,3105
2554,3233
3101,3114
3184,2733
2731,2728
2557,2728
2728,2562
3184,2721
3101,4216
2728,3233
3231,3126
3184,2735
3164,4200
3147,3103
3164,2721
3147,3104
3113,2743
2743,2791
3113,2791
3184,3164
3103,3104
3147,2791
2791,3103
3144,3113
3151,3104
3151,2791
2562,3233
2622,2636
2622,3166
2636,3166
3144,2743
2636,2762
2590,2636
3138,2725
2725,4200
3138,4200
2622,2791
3184,2725
3184,4200
2758,2735
4211,4212
3113,3107
3096,4216
3113,3145
2622,3145
2622,3113
3184,3182
4212,3048
2407,3120
2801,3166
3113,3166
3113,2801
4211,3069
4211,3032
3138,2759
3180,3113
3113,2805
3180,2805
3164,2587
3079,3232
3065,3032
4200,3182
3113,2367
3113,3120
3164,2759
3164,2417
2801,3145
4212,3069
3048,3069
3184,2417
3072,2586
2586,3069
3044,3069
3096,3232
4219,2417
3145,2367
2801,2367
2652,2792
2664,2652
2652,3173
3199,3189
2766,2423
3216,2664
2652,2423
2766,3199
3188,2652
3197,2423
885,903
3216,2652
2792,3208
3199,2423
3197,3199
2798,2796
2652,2796
764,925
3216,3208
3180,3197
3216,2792
3197,3189
3180,3189
3173,2367
2664,3208
2803,3173
2606,3168
3188,3145
3188,3168
3145,3168
3180,3168
3180,2606
3173,3208
2606,2647
2647,2765
3199,3145
3188,3199
2664,3189
3145,2637
3234,3199
3188,3234
2803,2367
3145,2796
2812,3145
2812,2796
3145,2639
2367,3208
2655,3189
3180,2605
2792,3189
2823,2803
2605,2762
3188,2596
2652,2823
3189,3208
2658,2803
2604,2762
2604,2605
2803,3189
2658,3189
2823,3208
2639,2637
2645,3145
3128,3145
2645,2652
3180,2596
796,809
4228,749
3216,2803
3180,3156
796,802
2762,3156
2658,2664
747,748
747,749
747,804
2629,3188
2629,2637
3188,2637
796,766
747,939
4220,3189
3216,4220
747,810
747,800
2658,2655
747,809
747,797
747,798
747,935
798,797
812,747
809,802
747,802
3180,2629
935,766
747,766
885,762
2637,2367
2636,2633
747,925
812,925
2595,2753
3145,3163
800,798
800,935
3184,2650
3152,2753
3184,2753
2764,3152
2636,3152
2817,2823
943,805
2821,2434
4220,2367
943,935
2650,3161
2764,2636
991,942
2821,2435
875,919
4220,4221
919,925
943,991
808,807
922,935
2652,3145
904,981
916,919
2817,2821
4223,4221
4223,4220
3222,4223
4223,2819
3222,2819
2819,4221
3222,4221
2819,4220
991,805
2821,2819
746,919
919,987
746,987
875,942
3145,2805
991,925
942,925
2652,3163
2821,2823
2819,2435
922,991
916,942
2434,2819
2817,2819
2800,3222
904,865
2819,2823
4223,2435
2800,2434
3184,2636
2817,4223
3220,2435
806,808
2823,2432
984,807
2800,2823
812,735
782,904
794,925
983,808
984,986
2805,2367
753,991
983,806
753,925
812,794
794,735
753,794
753,735
3921,3923
4071,3922
3751,3905
4007,3751
4007,3905
4007,3923
3921,4007
4007,3922
3751,3850
3850,3687
3751,3847
3751,3687
3905,3687
4007,4128
3850,4027
3749,4027
3750,4027
4007,3696
3905,4027
3751,4027
4007,4071
3750,3749
3696,3905
3696,3803
3905,4075
4136,3838
4074,4075
3847,4021
4241,3838
2826,3189
4074,4136
4054,3803
3847,3687
4235,4241
4074,4241
3874,3751
3871,4027
4241,4075
3189,2367
4235,4076
4074,4076
4021,3753
3841,4076
3751,3753
4074,3840
4223,3189
3841,3840
3841,3842
4074,3842
3841,4075
3751,4021
3841,3993
3993,4075
4223,2367
3752,4027
3841,4078
4074,4078
3740,4027
3906,4101
2826,2778
3095,2808
2813,3225
3225,2811
3097,2808
2810,3225
2810,2808
3225,2808
3095,3097
3099,2808
2810,3099
3137,3097
3092,3097
3085,3129
3136,3134
3134,3124
3140,3099
3136,2804
3136,4205
2804,3124
3091,3140
3129,3124
3136,3129
3091,3097
3097,3124
3091,3124
2804,3108
3129,3108
3108,2802
3100,3098
2652,3098
3085,3117
3108,3116
3108,2631
3091,3136
3058,2641
3124,3100
2795,3108
4204,3116
2642,2641
4204,2631
2576,4216
2667,4216
2452,4216
3176,4216
2461,2419
3169,2419
4216,2714
3183,2452
3195,2419
2462,3235
2461,3235
2550,2667
3169,3235
3183,2724
2462,2652
2461,2652
2460,2652
3169,2652
2550,2551
3195,2652
4217,2480
2462,2463
2461,2463
2708,2716
4217,2419
2460,2463
2708,2697
2708,2715
2886,2716
2886,2697
3171,2425
2886,2715
2652,4217
2425,2716
2425,2697
3169,2463
2425,2715
2425,4217
2697,2715
2550,2570
2460,3236
2652,2480
3195,4217
2663,2697
2701,2663
2667,2419
3169,3236
2550,3232
2460,2466
3195,2480
3165,4216
3169,2466
2663,2418
2701,2418
2701,3202
3202,2418
2667,2663
2667,2418
2667,3201
3201,2418
3146,2570
2667,3178
3171,2418
3148,2418
3157,4216
2570,3232
3174,2570
3171,3201
3202,3201
3183,2467
2467,2652
2688,3185
3146,3201
3146,3148
3201,3148
2452,3181
3146,3232
3157,3232
2472,3183
2663,2683
2719,4216
2472,3181
2663,2433
3148,3232
2656,2696
3148,2696
3148,2694
2696,2694
2652,3181
3183,2652
3200,3148
2472,2652
4216,3232
3201,2682
3165,2652
3201,3232
3202,3232
4214,2407
3231,2407
2681,3232
2681,2656
3202,2656
2683,2682
3206,2683
2409,2719
2409,4216
3110,3231
2409,4214
2730,3142
3200,2469
3110,3114
2719,3157
2719,3232
3157,4214
2408,3157
2408,4214
2704,2663
3110,3131
2409,2408
2408,4216
2409,3157
2730,2728
2652,2433
3142,3154
4214,3232
2652,4215
3101,2407
3142,3170
2723,3155
3192,2688
3135,3127
2452,2652
2683,3232
3110,3101
3101,3127
2752,3192
3131,3125
3231,3157
3192,2469
3192,3233
3135,3125
3110,2407
2728,3154
3101,3125
3121,3114
2667,2656
2663,2656
3206,2656
2597,3233
3192,3200
4214,4215
3121,3131
3110,4214
3110,4215
3157,3126
3231,3232
3121,3135
2656,2683
2652,4214
3190,2752
4200,2752
4200,3190
3190,3200
2667,3212
2667,3177
4200,4219
3121,3101
2656,3232
2733,2735
2667,2686
3108,4215
3123,4215
3123,3108
3114,3232
3210,3177
3139,4215
3139,3123
2669,2430
2667,2430
2669,2667
4204,4215
2751,2656
2804,3123
4200,3194
4200,2597
3194,2597
3177,2430
2804,4215
3093,3123
2690,3213
3093,4205
3123,4205
2689,3210
3210,2668
2689,2668
2686,3213
4204,2804
3194,4219
3218,2430
3218,2671
2689,2430
4204,2802
3215,3212
2689,2671
2671,2673
2690,3215
3218,2667
2669,3218
4200,2758
3212,3232
2667,2673
3218,2607
3194,3161
3213,3232
3218,3232
786,769
903,838
903,926
786,903
874,866
924,838
769,866
2594,2717
924,735
786,735
838,735
861,786
861,920
838,868
2718,3214
2718,2594
786,924
2589,2749
2594,2749
903,866
926,735
782,783
2594,2757
2589,2757
2594,2589
2755,2757
874,783
985,866
861,783
973,903
861,868
982,866
985,982
3218,3217
950,866
3217,3233
3187,2690
3218,3233
866,735
3187,3233
992,903
921,915
985,762
3218,3187
945,915
982,905
783,781
783,912
784,783
921,847
2589,2585
921,846
762,931
980,905
2718,3233
921,751
3214,3233
781,905
2755,2585
847,759
2751,3233
847,876
921,989
917,915
3212,3233
989,750
983,769
874,781
2683,3233
849,915
845,769
917,847
2749,3233
832,750
904,781
846,917
849,847
985,986
903,876
945,876
983,921
914,985
923,903
757,876
918,876
918,757
917,751
845,915
934,847
983,745
832,831
745,750
782,861
980,762
921,918
989,985
3207,3233
3218,2767
933,942
917,750
983,945
921,757
918,750
745,985
983,917
918,942
918,933
989,833
832,988
757,750
865,781
757,942
933,757
832,985
782,781
983,759
861,781
918,831
3203,2767
832,833
831,757
808,986
983,985
989,917
992,923
983,849
983,845
942,987
944,876
983,925
758,876
944,759
944,925
2769,3203
944,847
983,934
746,942
832,917
944,903
923,925
923,905
944,945
981,905
918,917
838,968
990,921
925,905
990,750
944,934
990,933
990,942
904,905
990,831
990,758
944,758
950,905
3218,3215
984,988
973,735
984,985
984,833
944,990
950,735
990,917
984,917
3203,2607
865,905
984,990
861,873
881,968
929,973
3203,3232
782,905
861,970
873,970
927,904
794,905
905,735
927,905
836,905
973,855
753,812
932,857
973,857
855,857
3837,3833
3849,3962
3962,3818
3962,3833
3983,3818
4139,3818
3966,3833
3966,3755
3962,3852
4098,3849
3966,4098
4015,3876
3825,4016
4139,4142
3991,3957
3991,3988
3957,3988
3902,4142
3878,4091
4087,4091
4018,4142
4087,4142
4098,4015
4098,3988
3953,4096
4098,4096
3702,4142
3953,3876
3869,3868
3953,4016
4084,3868
4094,4016
4093,3986
3982,3868
4084,3870
3966,4142
3986,4091
3993,4002
4093,4092
3869,3788
3982,4081
3870,3788
3966,4092
4083,3869
4084,3788
4092,4091
4083,3870
4094,3878
4081,3788
4083,4084
3982,3788
4098,3953
3707,4091
4083,4081
4083,3982
4083,4085
3709,4083
4094,3953
3953,4087
3869,4236
4094,4087
4080,4139
4019,4139
4019,4002
3953,4142
3869,3996
3869,4088
4077,3788
4019,3993
3788,4086
4046,3707
3870,3996
4084,3996
4088,3870
4077,3702
4083,4086
3982,4086
4085,4086
4081,3996
3927,3716
3833,3965
3982,3996
3966,3953
3966,4086
4236,3931
3931,4085
4236,4085
3716,3929
3818,3965
3985,3931
3709,3996
3716,3918
3931,4090
4077,3996
4236,4086
3927,3931
4077,4236
3716,4046
4088,4086
4077,4088
4019,4080
3966,3996
3996,4086
3996,4090
3869,4079
4088,4080
3927,4100
3985,3789
3890,3707
3716,3934
4100,3929
4088,4079
4143,4086
3789,4090
3985,4082
4100,3918
4082,4085
4236,4082
3716,3789
3927,3789
4089,4085
3955,3918
3996,3918
3962,3851
3709,4089
3985,3708
3716,3746
4082,4090
3930,4090
4077,4079
4089,4086
3955,4046
4089,4088
3985,4089
3927,3937
3927,3930
3716,3754
4090,3708
4090,3928
3927,3928
4100,3716
4100,3934
4089,4090
4095,4090
3937,3929
3931,3926
3927,3926
4085,3915
3851,3965
3928,3929
3927,4095
3955,3934
3937,3918
3926,3929
3928,3918
3936,3918
3985,3915
3931,3754
3937,4046
3926,3918
3996,3955
4046,3936
4095,3918
3927,3915
4100,4095
3918,4239
4082,3930
3926,4046
3935,4046
4143,4239
4000,4046
3999,3931
3937,3930
3708,3928
4095,4046
3999,3782
3929,3915
3717,3754
3955,3754
3934,3936
3918,3915
3999,3717
3934,3935
3782,3880
4046,3915
3827,3880
4089,4095
4143,4097
3936,3928
4000,3934
3935,3746
3717,3955
3968,3757
3879,3880
3963,3757
3934,3745
3746,3745
3935,3926
4100,3782
4099,3880
4100,3827
3935,3754
4000,3746
4017,4075
3722,3880
4075,3858
4000,4095
3754,3745
4100,3879
3782,4097
4000,3937
4000,3754
4100,4099
3962,4002
3757,3833
4097,3989
3999,3745
3745,3915
4100,3722
4000,3999
773,775
4077,4075
4019,3803
4100,4000
928,838
4141,4078
928,952
928,786
4078,4017
4097,4020
4242,4100
825,905
928,905
4242,4020
856,968
4100,4102
968,857
812,905
968,840
3783,4100
3783,3967
932,968
1688,1687
1688,1690
2652,2473
2607,2652
2673,2652
2667,2652
2479,2667
2482,2667
2668,2652
2478,2667
2667,2473
2667,2619
2667,2607
2769,2667
3203,2667
761,970
903,908
763,970
756,903
755,903
862,970
755,756
930,903
862,908
755,765
755,957
765,957
764,970
903,970
754,903
768,970
908,735
754,908
765,735
763,766
768,908
754,970
767,764
957,735
767,766
765,768
957,828
903,828
768,857
938,764
816,936
937,936
814,936
828,970
936,4225
2488,2662
2488,2668
2662,2668
970,908
4225,970
936,970
823,857
816,963
937,963
828,735
4225,857
936,938
857,908
4229,970
2488,2661
963,766
4225,839
4225,906
839,906
4229,958
963,938
963,964
2488,3226
2477,3237
941,966
819,958
963,4230
817,819
2488,2479
815,819
2488,2652
843,4225
2479,3237
966,970
2652,3226
964,938
766,4230
2478,3237
2488,2478
2488,3237
941,819
4229,964
964,958
2477,2473
941,818
819,940
766,873
973,838
817,964
973,970
2619,2477
815,766
957,857
838,970
815,964
815,820
766,818
986,970
941,820
771,970
4225,908
820,940
929,857
839,970
820,964
2769,2607
967,940
838,873
967,771
2769,3232
838,908
967,820
787,838
838,854
771,951
823,770
970,951
873,908
771,908
4225,909
949,909
973,947
973,949
947,949
973,969
947,969
971,909
4225,971
4225,946
776,867
867,909
4225,968
946,968
968,969
973,775
773,973
948,968
771,968
844,968
973,869
973,968
4051,4050
3777,3780
4049,4051
3778,3780
3780,3891
4049,3728
4127,3780
4057,4061
4028,3771
3893,3780
4127,3778
4049,4004
3826,4003
4004,3826
4004,4057
3777,4127
4003,3713
3724,3977
3724,4129
3728,4005
3724,3728
3701,4005
3981,4129
4056,3728
3728,4129
4062,4022
4022,3743
4105,4104
4062,4104
4104,4057
4104,3883
4062,3882
3756,4062
3756,4057
4062,4057
4104,4103
4105,3758
4104,3882
4103,3882
3758,3883
4107,3758
3817,3872
4105,4057
4147,3817
3817,4057
4147,3872
3872,4057
4062,3872
3758,4057
3763,4057
4107,3763
3992,3732
3992,4022
3758,3888
3758,3887
3888,3887
4104,3888
3884,3887
3758,4104
3995,3760
3995,4104
4104,3760
3995,4027
4106,3888
4104,4027
4023,4027
3794,4027
3758,4027
3760,3759
3888,3762
3992,4027
3761,3762
4106,3761
4106,3762
3760,3761
4106,4026
4026,3761
3732,3792
3792,4027
3732,4027
3758,3763
4022,4014
3760,3765
4112,3765
4057,3765
4112,4012
3760,4057
4012,3765
4029,3765
3888,4057
3798,3897
3897,3760
4101,3687
4026,3909
3907,4026
3794,4026
4025,3909
4026,4144
4026,4023
4001,4144
4001,4026
4026,3908
3908,3909
4026,3958
4144,4027
4026,4027
3908,3796
3881,3998
3881,3748
3998,3687
3907,3796
3881,4026
4026,3687
3909,3687
3798,3908
3798,3796
3784,4027
3907,4027
4023,3792
3908,3802
4023,4024
3798,4027
3747,4101
3798,3787
4026,3748
3747,3958
3810,4057
3810,3766
3807,3766
3899,4057
3814,3899
4117,3810
4117,3899
3814,4146
3807,4027
3908,4027
3810,4027
3899,4027
3897,4057
4114,3908
3787,4027
4110,4027
3798,3764
3798,3790
3897,4112
4057,3845
3916,3845
3783,3957
3967,3957
3910,3939
3881,3939
3911,3939
3881,3909
3939,4002
4109,3910
3822,3909
3910,4002
4109,4002
3911,4111
3798,3911
3798,4111
3798,3939
3997,4002
3997,4100
4100,4002
3798,3687
4113,4111
3783,3964
3798,3917
3783,3757
4031,3687
3810,3687
4118,3810
4118,4031
3810,4111
3815,3939
3810,3939
4011,4031
3948,3939
4119,3939
4117,4027
3917,3939
3916,4118
4118,4027
3916,4027
3939,4113
3925,3939
3914,3916
4041,4122
4041,3845
4041,4121
4120,4121
4041,4120
4121,4027
4037,4121
3845,4122
4037,3687
3919,4027
3919,3687
4119,4027
4120,4027
4119,3687
791,870
870,777
792,870
870,878
870,881
3800,4002
791,882
870,956
4109,4108
4030,3912
4030,3810
3912,4002
4030,4002
4030,3806
4030,4115
3798,4002
799,978
884,978
972,910
3940,4002
3940,3839
3855,3857
3948,3951
3948,3855
3948,3857
3948,4002
3903,4002
4035,4002
3950,4035
3900,4002
4010,3900
4145,4002
4013,4035
3950,4002
3952,4002
4035,3844
4036,4121
3939,4121
4035,4121
4035,4036
877,973
879,883
882,879
973,882
882,777
791,883
791,884
973,978
879,978
791,978
973,959
879,959
962,978
978,959
961,959
977,978
880,978
977,880
972,870
973,870
962,880
888,880
960,962
960,888
973,962
973,890
779,911
973,779
960,880
834,886
978,886
3510,3512
3510,3447
3418,3512
3511,3512
826,954
3634,3406
3634,3642
3634,3506
3406,3505
3447,3505
3634,3344
3512,3501
3642,3505
3270,3501
826,766
3634,3516
3520,3416
3506,3505
3405,3406
3520,3501
3416,3501
3405,3642
3634,3508
3509,3634
3509,3508
3344,3505
3270,3239
3416,3515
3516,3505
3416,3417
3508,3505
979,970
3505,3518
3520,3417
3520,3635
3509,3505
3505,3501
979,908
858,863
852,863
3385,3652
851,979
979,853
863,853
979,850
3635,3522
3635,3654
3385,3400
3385,3635
3635,3534
3271,3635
858,979
3635,3239
3386,3534
3475,3534
3388,3386
3265,3534
3241,3534
3386,3265
3266,3265
3388,3242
3534,3400
3266,3479
3265,3479
3545,3479
3392,3479
3267,3479
3641,3479
4246,3392
3268,3479
4246,3479
3394,3530
3530,3479
3578,3479
3682,3586
3682,3479
3425,3682
3589,3682
3262,3447
3344,3447
3407,3406
3262,3508
3447,3633
3344,3519
3516,3519
3519,3508
3509,3519
3654,3633
3660,3654
3660,3379
3538,3660
3336,3399
3654,3239
3633,3501
3654,3501
3538,4248
3633,3239
3660,3501
3660,3239
3336,3501
3336,3239
3535,3654
4248,3239
3535,3387
3262,3501
3522,3501
3522,3239
3635,3479
3388,3637
4248,3635
3389,3348
3388,3479
3635,3348
3390,3635
3404,4248
3393,3479
3396,3479
3380,3637
3396,3640
3380,3479
3396,3338
3546,3479
3338,3640
3396,3244
3548,3396
3500,3557
3548,3244
3434,3393
3404,3479
3500,3673
3557,3673
3502,3636
3387,3635
3639,3479
3502,3635
3434,3673
3530,3673
3530,3682
3681,3673
3396,3403
3396,3434
3410,3682
3596,3682
3411,3682
3396,3673
3682,3681
3596,3269
3600,3596
3425,3673
3411,3596
3682,3673
3544,3501
3544,3239
3674,3501
3544,3381
3638,3501
4248,3662
3662,3542
3381,3239
3540,3501
3415,4248
4248,3539
4248,3420
3540,4248
3500,4248
3540,3500
3419,3539
3500,3381
3419,3420
3540,3419
3421,3423
3543,3500
3402,3421
3671,3669
3540,3246
4247,3246
3246,3420
4247,3420
3500,3239
4247,3539
3246,3501
3556,3547
3239,3673
3671,3521
3556,3671
4248,3669
3556,3551
3672,3501
3556,3360
3423,3673
3671,4248
3447,3662
4248,3501
3672,3423
3556,3245
3415,3447
3524,3501
3524,3423
3423,3239
3423,3501
3423,3580
3560,3479
3558,3580
3580,3501
3275,3479
4251,3275
4251,3524
3558,3563
3558,3561
4251,3479
3402,3673
3561,3507
4251,3507
4251,3563
4251,3561
3479,3239
3536,3277
3277,3272
3682,3289
3277,3644
3288,3682
3568,3644
3587,3289
3568,3274
3682,3587
3272,3673
3288,3424
3500,3273
3290,3682
3536,3682
3290,3536
3276,3287
3435,3500
3277,3479
3568,3500
3682,3293
3424,3292
3402,3479
3424,3289
3536,3293
3433,3479
3272,3479
3424,3682
4249,3682
3285,3584
3284,3584
3285,3284
3424,3293
3500,3479
3285,3286
3284,3286
3500,3382
3682,3649
3294,4249
3287,3584
3645,3287
3500,3421
3396,3682
3682,3398
3682,3437
3412,3398
3398,3397
3398,3597
3396,3294
3682,3590
3682,3291
3253,3398
3294,3649
3414,3398
3437,3590
3253,3414
3257,3297
3297,3256
3297,3608
3297,3427
3297,3532
3495,3497
3495,3491
3495,3493
3499,3496
3493,3496
3498,3493
3492,3496
3492,3499
3492,3493
3494,3493
3494,3496
3447,3583
3671,3353
3671,3527
3527,3447
3671,3447
3527,3353
3514,3445
3671,3564
3523,3564
3671,3445
3671,3444
3444,3445
3527,3521
3523,3514
3527,3564
3523,3445
3523,3444
3444,3514
3447,3592
3558,3444
3444,4250
3558,4250
3527,3523
3357,3583
3357,3464
3526,3444
3558,3526
3526,4250
3383,3513
3357,3592
3525,3523
3383,3521
3671,3555
3525,3559
3352,3555
3554,3352
3554,3553
3526,3527
3554,3549
3550,3352
3550,3553
3555,3521
3550,3549
3564,3559
3526,3525
3357,3447
3357,3574
3383,3555
3528,3555
3575,3446
3362,3555
3676,3527
3674,4250
3245,3555
3523,3555
3575,4250
3575,3573
3361,3555
3527,3674
3676,3525
3556,3383
3558,3574
3677,3446
3677,4250
3674,3565
3527,3573
3575,3677
3525,3674
3552,3360
3556,3552
3594,3357
3526,3555
3527,3575
3570,3525
3354,3574
3565,3573
3564,3674
3355,3574
3676,3564
3674,3562
3556,3362
3569,4250
3575,3565
3570,3564
3446,3574
3558,3556
3594,3447
3556,3674
3674,3555
3556,3555
3525,3436
3676,3251
3525,3575
3577,3436
4250,3574
3527,3569
3465,3355
3556,3523
3408,3564
3577,3572
3577,3564
3527,4250
3248,3576
3436,3564
3558,3465
3484,3575
3245,3552
3570,3251
3528,3552
3408,3562
3526,3556
3527,3574
3575,3577
3575,3564
3436,3562
3572,3564
3525,3576
3248,3569
3357,3359
3556,3361
3409,3564
3572,3562
3525,3569
3575,3562
3409,3562
3525,3574
3462,3525
3527,3675
3528,3245
3463,3464
3579,3571
3484,3574
3252,3564
3525,3675
3579,3252
3579,3564
3462,3571
3648,3357
3571,3574
3564,3574
3462,3252
3574,3562
3447,3359
3462,3278
3462,3564
3643,3527
3675,3571
3555,3574
3278,3675
3675,3279
3281,3564
3675,3580
3580,3279
3525,3580
3527,3580
3280,3675
3564,3580
3566,3580
3571,3580
3678,3580
4251,3281
4251,3564
3632,3527
4251,3282
3280,3281
3280,3580
3580,3574
3679,3632
3283,3566
4251,3283
3558,3632
3558,3679
3684,3537
3319,3537
3319,3500
3456,3537
3595,3456
3316,3500
3317,3316
3316,3650
3647,3317
3680,3537
3537,3239
3316,3680
3680,3239
3366,3650
3320,3456
3456,3239
3320,3650
3456,3315
3293,3650
3395,3239
3316,3239
3473,3456
3537,3501
3600,3501
3450,3501
3456,3501
3473,3501
3410,3501
3591,3650
3356,3646
3410,3450
3683,3501
3456,3451
3389,3501
3648,3501
3356,3239
3598,3450
3465,3501
3358,3650
3324,3323
3682,3650
3356,3358
3646,3358
3600,3683
3424,3588
3651,3650
3454,3650
3323,3239
3316,3501
3454,3451
3366,3293
3465,3463
3322,3323
3358,3239
3648,3464
3632,3286
3648,3593
3358,3501
3286,3650
3632,3650
3292,3293
3632,3287
3358,3580
3632,4252
3645,3632
3558,3678
3585,3632
3524,3632
3585,3567
3357,3450
3632,3239
3657,3650
3529,3250
3529,3650
3250,3503
3658,3312
3312,3650
3605,3529
3396,3529
3603,3529
3396,3295
3603,3296
3396,3603
3601,3396
3328,3650
3656,3328
3318,3656
3451,3650
3617,3650
3318,3328
3454,3328
3456,3328
3458,3328
3458,3457
3617,3298
3616,3531
3581,3426
3612,3297
3612,3616
3297,3616
3297,3258
3529,3297
3426,3297
3297,3618
3447,3466
3648,3466
3363,3648
3466,3449
3598,3447
3648,3447
3450,3653
3466,3450
3367,3450
3598,3367
3363,3450
3599,3368
3368,3450
3368,3447
3599,3447
3447,3450
3325,3501
3604,3501
3329,3501
3330,3501
3476,3468
3331,3330
3504,3459
3325,3239
3604,3239
3365,3326
3364,3467
3459,3501
3365,3239
3325,3606
3365,3501
3606,3329
3604,3606
3604,3329
3365,3366
3366,3655
3366,3501
3366,3602
3366,3239
3476,3477
3611,3477
3468,3501
3363,3598
3477,3501
3598,3467
3323,3501
3477,3447
3598,3389
3310,3328
3659,3327
3453,3327
3328,3239
3343,3450
3607,3327
3327,3323
3430,3300
3438,3302
3321,3533
3453,3321
3300,3301
3300,3439
3332,3328
3321,3302
3300,3665
3302,3328
3327,3328
3327,3302
3439,3664
3533,3259
3453,3328
3309,3328
3300,3533
3439,3624
3332,3327
3323,3328
3321,3328
3615,3328
3439,3351
3300,3298
3432,3303
3429,3303
3300,3303
3428,3429
3300,3399
3297,3300
3429,3617
3300,3617
3297,3617
3599,3450
3452,3450
3447,3369
3334,3369
3371,3370
3371,3447
3371,3334
3371,3335
3370,3335
3333,3369
3335,3333
3619,3369
3374,3370
3447,3455
3328,3455
3613,3328
3613,3455
3614,3455
3335,3501
3447,3328
3374,3447
3619,3501
3313,3501
3369,3501
3623,3501
3611,3609
3311,3501
3311,3663
3663,3614
3620,3501
3447,3373
3663,3501
3622,3461
3328,3501
3313,3239
3623,3239
3440,3620
3460,3501
3328,3614
3613,3501
3582,3501
3685,3328
3620,3239
3461,3667
3461,3501
3667,3501
3582,3239
3440,3582
3460,3239
3300,3582
3667,3239
3460,3309
3304,3667
3305,3621
3304,3621
3305,3304
3628,3667
3582,3667
3304,3431
3299,3305
3302,3667
3314,3582
3304,3302
3305,3582
3620,3667
3299,3300
3300,3431
3541,3582
3300,3302
3623,3620
3666,3667
3666,3582
3623,3313
3668,3439
3439,3350
3448,3667
3625,3469
3625,3447
3470,3447
3469,3626
3627,3469
3378,3625
3470,3376
3378,3626
3469,3376
3378,3670
3627,3626
3625,3376
3470,3625
3631,3626
3378,3631
3470,3471
3625,3471
3376,3447
3626,3376
3376,3373
3461,3447
3461,3373
3378,3501
3376,3582
3376,3501
3442,3582
3448,3501
3448,3239
3442,3541
3630,3441
3442,3441
3442,3629
3629,3441
3441,3239
3442,3239
587,669
4192,644
669,4192
669,644
587,4192
587,644
443,644
575,644
453,644
4190,450
414,645
587,545
640,414
587,654
646,654
669,665
421,660
656,584
584,580
421,461
459,660
656,660
656,583
458,583
460,459
458,648
587,665
583,580
659,583
583,457
414,586
659,661
459,661
461,457
656,457
461,586
459,461
656,461
656,661
421,446
461,464
446,472
472,451
446,451
587,662
414,589
589,586
668,587
587,671
587,666
587,677
700,451
674,732
670,589
700,474
669,675
685,472
550,677
455,4192
4192,589
476,699
687,476
680,677
683,678
465,4192
455,473
686,472
589,451
484,592
475,472
476,676
589,472
682,590
682,589
472,592
465,468
463,473
472,484
589,470
475,551
591,472
472,470
590,589
465,691
4192,476
4192,466
466,476
468,476
478,476
686,589
455,463
486,596
465,473
493,473
475,490
589,496
689,476
472,596
486,463
700,589
589,487
488,589
465,596
733,691
493,691
491,689
493,596
468,689
733,473
733,596
595,470
733,468
689,594
478,594
689,478
691,473
691,692
695,689
494,699
596,692
473,692
733,470
693,733
481,473
470,692
733,697
733,479
481,596
475,700
475,720
704,708
693,694
479,694
481,697
481,470
733,696
693,692
701,694
506,500
506,597
697,694
482,596
482,470
701,481
733,508
701,692
697,692
482,697
482,479
481,479
482,481
468,473
733,509
481,508
481,696
475,733
475,485
509,692
733,485
485,692
509,481
475,723
485,481
723,692
725,724
475,725
723,481
725,517
475,724
475,514
475,516
578,4190
458,456
456,583
456,648
578,453
650,460
456,661
456,586
456,461
660,647
660,456
650,660
650,661
650,461
647,461
650,464
647,446
587,722
674,578
669,722
550,722
578,669
578,675
476,722
732,722
674,722
578,477
578,683
722,699
687,722
689,722
683,722
492,722
494,722
578,690
722,498
578,704
704,722
499,500
597,503
506,501
507,500
598,597
578,708
506,555
506,504
708,722
722,712
722,473
722,495
578,721
656,657
659,657
578,722
505,501
499,501
502,499
483,555
507,501
502,501
505,555
502,555
555,507
598,504
504,503
644,511
575,511
687,511
676,511
656,541
654,664
587,469
669,471
472,681
578,511
421,653
421,585
664,722
657,541
647,651
650,651
647,653
647,462
578,547
650,462
647,585
953,842
826,760
822,760
771,948
993,826
974,955
771,835
771,776
979,978
771,837
771,995
995,837
771,772
864,979
995,979
771,871
771,979
872,771
976,978
872,979
965,973
965,979
890,979
842,909
760,970
974,970
747,970
968,970
771,909
953,970
975,909
955,970
822,766
993,766
970,909
822,820
968,908
953,908
907,819
907,822
909,908
907,820
1687,1689
4232,1691
4232,1679
1679,1691
1702,1699
1697,1713
1713,1703
1743,1703
1744,1713
1743,1713
1700,1696
1682,4231
1697,1743
1698,1703
1702,1707
1706,1711
1708,1707
4231,1707
1705,1710
1711,1712
1682,1707
1709,1712
1706,1707
1709,1707
1745,1707
1710,1713
1711,1707
1682,1713
1710,1707
1711,1710
1745,1713
1711,1713
1705,1707
1747,1713
1746,1715
1717,1713
1716,4233
1720,1726
1730,1719
1730,1726
1720,1730
1730,1718
1730,1733
1723,1681
1723,4233
1749,1729
1724,1722
1685,1733
1733,1738
4233,1681
1720,1729
1685,1727
1724,1729
1730,1738
1729,1750
1724,1749
1730,1729
1719,1728
1727,1751
1737,1729
1726,1729
1722,1729
1728,1729
1733,1727
1727,1729
1730,1739
1733,1731
1730,1737
1685,1737
1736,1734
1741,1742
1741,4234
1684,1694
1684,1691
1692,1684
1693,1684
1709,1684
1696,1684
1704,1684
1701,1684
1695,1684
1700,1684
1699,1684
1713,1684
1702,1684
1744,1684
1715,1725
1711,1725
1706,1725
1746,1714
1747,1725
1716,1725
1717,1725
4233,1725
1748,1727
1723,1725
1736,1725
1725,1732
1725,1735
1725,1734
1714,1725
1721,1729
315,326
314,147
209,224
10,35
164,20
41,332
332,103
332,17
172,332
69,73
70,69
218,334
86,334
4151,290
249,142
333,78
183,261
315,261
321,224
321,333
200,224
154,148
328,318
178,20
178,2
178,290
261,316
217,333
337,333
330,333
4149,333
273,294
217,224
236,333
236,316
4149,316
387,601
601,341
342,601
602,367
359,4194
4194,372
377,729
658,4194
672,667
672,4195
4196,4197
672,4197
728,727
613,553
561,553
631,383
510,383
427,688
423,383
706,383
383,391
710,389
563,644
655,648
463,691
733,723
733,489
733,725
489,481
726,601
342,726
338,601
556,667
672,556
556,559
4196,556
390,667
472,449
684,685
644,611
437,611
404,611
684,449
688,511
562,366
383,381
383,632
698,436
489,692
338,726
4224,4228
4228,785
736,785
736,739
4228,739
4228,736
4228,887
885,859
896,899
894,4228
896,4228
793,899
4228,741
899,741
744,795
897,899
899,788
744,897
795,4228
789,788
898,899
897,4228
859,762
790,744
790,892
790,4228
991,899
892,893
4228,893
796,800
891,744
747,893
4228,800
744,747
747,899
892,744
892,891
780,893
780,991
4228,935
933,831
796,935
4228,809
4228,804
991,919
848,989
801,804
800,797
801,748
803,804
801,4228
811,809
861,752
815,966
843,841
821,839
860,882
778,976
879,829
879,830
900,970
4225,4226
843,4226
968,4226
971,4227
946,4227
773,774
775,774
949,902
4225,4227
889,788
789,889
991,889
4228,802
4227,4226
966,820
895,885
895,894
895,897
895,789
895,898
983,991
895,991
966,964
983,895
1066,1360
1078,1031
1060,1031
1111,1360
1031,1360
1328,1031
1132,1076
1115,1187
1057,1316
1240,1362
1254,1201
1338,1299
1132,1338
1031,1286
1113,1043
1342,1173
1078,1027
1360,1045
1330,1286
1330,1043
1490,1419
1638,1619
1487,1401
1439,1401
1643,1420
1592,1643
1472,1461
1549,1665
1574,1505
1424,1544
1692,1693
1744,1703
1746,4233
1703,1684
1740,1725
1686,1725
2366,2073
2366,2075
1997,1883
2339,2271
2621,3088
2693,2845
2382,2508
3385,3474
3384,3654
3345,3660
3413,4247
4248,3243
3401,3544
3478,3493
3478,3496
3421,3483
3402,3483
3556,3339
3557,3422
3527,3443
3424,3342
3648,3488
3307,3450
3598,3308
3310,3309
3309,3302
3317,3335
3347,3623
3306,3624
3372,3667
3375,3376
3401,3501
3481,3501
3480,3479
3349,3479
3396,3486
3294,3486
3250,3489
3490,3501
3529,3489
3671,3485
3340,3555
3671,3340
3650,3489
3487,3501
3635,3472
3349,3472
3482,3472
3388,3472
3500,3472
3340,3447
3277,3472
3402,3472
3433,3472
3481,3239
3479,3472
3403,3673
3329,3239
3942,3826
3942,3944
3826,3943
3736,4017
3756,3696
3942,3713
3713,3943
3943,3944
3724,4005
3867,3945
3826,3946
3812,3920
3846,3858
3804,3858
3756,3871
4133,4066
4066,3715
4066,3711
4073,4066
3978,4066
4235,3699
3727,3818
3816,3818
3742,3992
4236,3949
3985,4090
4016,3877
3878,3714
3783,3892
3785,3787
3843,3960
3961,3695
3992,3980
4137,3980
4062,3980
3751,3994
4026,3980
4140,3980
3751,3980
3906,3980
3875,3980
4021,3980
3791,3980
3852,3980
3833,3980
3956,3980
3733,3980
3833,3959
3785,4027
3810,3811
4118,3811
3780,3695
4027,3975
3838,4076
4092,4086
4087,4086
4142,4086
4027,3980
3744,4057
3767,3765
4057,3768
4057,3980
3966,3980
3905,3779
3905,3786
3941,4047
4049,3895
3728,3895
4128,3797
4008,3895
3826,3895
3834,3895
3728,3801
4033,3801
3750,3901
3751,3901
4135,3901
3752,3901
3740,3901
4062,3895
4139,3938
4077,3734
4077,4142
3927,3932
3709,3955
3955,4090
3932,3929
3932,3918
3932,4046
3933,3934
3933,4046
4021,3895
3999,3781
3782,3781
4100,3725
4062,3779
4026,3901
3798,3901
3763,3779
3908,3901
3807,3901
3767,4057
3899,3901
4119,3901
4120,3901
3829,4244
3799,3976
4092,3992
4027,3901
3980,3895
4057,3786
4057,3895
3915,4086
3938,4086
3980,3687
4100,3933
4000,3782
4078,3980
3779,3786
4077,3938
3745,3781
